 "perf" , "place" , "placelabel" , "lat" , "long" , "yoc" ,
 "http://data.open.ac.uk/led/performance/7045ccc414dedaadb1d874cfe548a78e/1446306081238" , "http://dbpedia.org/resource/London" , "London" , "51.5072" , "-0.1275" , "33" ,
 "http://data.open.ac.uk/led/performance/6c7ec733c1945c87eda522364004be5f/1449058285194" , "http://dbpedia.org/resource/London" , "London" , "51.5072" , "-0.1275" , "36" ,
 "http://data.open.ac.uk/led/performance/7715032619a9476246f8cfb8cf564da0/1446380769982" , "http://dbpedia.org/resource/London" , "London" , "51.5072" , "-0.1275" , "34" ,
 "http://data.open.ac.uk/led/performance/5f0ed4fa0ce59252275ce0335c1eeb1a/1446402619787" , "http://dbpedia.org/resource/London" , "London" , "51.5072" , "-0.1275" , "35" ,
 "http://data.open.ac.uk/led/performance/7045ccc414dedaadb1d874cfe548a78e/1446306081238" , "http://dbpedia.org/resource/London" , "London" , "51.5072" , "-0.1275" , "33" ,
 "http://data.open.ac.uk/led/performance/6c7ec733c1945c87eda522364004be5f/1449058285194" , "http://dbpedia.org/resource/London" , "London" , "51.5072" , "-0.1275" , "36" ,
 "http://data.open.ac.uk/led/performance/7715032619a9476246f8cfb8cf564da0/1446380769982" , "http://dbpedia.org/resource/London" , "London" , "51.5072" , "-0.1275" , "34" ,
 "http://data.open.ac.uk/led/performance/5f0ed4fa0ce59252275ce0335c1eeb1a/1446402619787" , "http://dbpedia.org/resource/London" , "London" , "51.5072" , "-0.1275" , "35" ,
 "http://data.open.ac.uk/led/performance/http://data.open.ac.uk/led/music/'Five+Tudor+Portraits'/1427032309539/1427032309553" , "http://dbpedia.org/resource/Norwich" , "Norwich" , "52.63" , "1.297" , "36" ,
 "http://data.open.ac.uk/led/performance/http://data.open.ac.uk/led/music/'Mass+of+Life'/1427033321498/1427033321510" , "http://dbpedia.org/resource/Norwich" , "Norwich" , "52.63" , "1.297" , "36" ,
 "http://data.open.ac.uk/led/performance/http://data.open.ac.uk/led/music/'Our+Hunting+Fathers'+op.+8/1427032502919/1427032502933" , "http://dbpedia.org/resource/Norwich" , "Norwich" , "52.63" , "1.297" , "36" ,
 "http://data.open.ac.uk/led/performance/http://data.open.ac.uk/led/music/Magnificat+in+D,+BWV+243/1427034684538/1427034684550" , "http://dbpedia.org/resource/Norwich" , "Norwich" , "52.63" , "1.297" , "36" ,
 "http://data.open.ac.uk/led/performance/http://data.open.ac.uk/led/music/'Five+Tudor+Portraits'/1427032309539/1427032309553" , "http://dbpedia.org/resource/Norwich" , "Norwich" , "52.63" , "1.297" , "36" ,
 "http://data.open.ac.uk/led/performance/http://data.open.ac.uk/led/music/'Mass+of+Life'/1427033321498/1427033321510" , "http://dbpedia.org/resource/Norwich" , "Norwich" , "52.63" , "1.297" , "36" ,
 "http://data.open.ac.uk/led/performance/http://data.open.ac.uk/led/music/'Our+Hunting+Fathers'+op.+8/1427032502919/1427032502933" , "http://dbpedia.org/resource/Norwich" , "Norwich" , "52.63" , "1.297" , "36" ,
 "http://data.open.ac.uk/led/performance/http://data.open.ac.uk/led/music/Magnificat+in+D,+BWV+243/1427034684538/1427034684550" , "http://dbpedia.org/resource/Norwich" , "Norwich" , "52.63" , "1.297" , "36" ,
 "http://data.open.ac.uk/led/performance/bf86d844b182d37b45acb07b39ffc10e/1477469820291" , "http://dbpedia.org/resource/Munich" , "Munich" , "48.1375" , "11.575" , "36" ,
 "http://data.open.ac.uk/led/performance/bf86d844b182d37b45acb07b39ffc10e/1477469820291" , "http://dbpedia.org/resource/Munich" , "Munich" , "48.1375" , "11.575" , "36" ,
 "http://data.open.ac.uk/led/performance/http://data.open.ac.uk/led/music/Dances+of+Galanta/1414593807057/1414593807076" , "http://dbpedia.org/resource/Gloucester" , "Gloucester" , "51.8644" , "-2.24444" , "37" ,
 "http://data.open.ac.uk/led/performance/http://data.open.ac.uk/led/music/Elijah/1414593720185/1414593720197" , "http://dbpedia.org/resource/Gloucester" , "Gloucester" , "51.8644" , "-2.24444" , "37" ,
 "http://data.open.ac.uk/led/performance/http://data.open.ac.uk/led/music/Magnificat+and+Nunc+Dimittis/1414593646238/1414593646255" , "http://dbpedia.org/resource/Gloucester" , "Gloucester" , "51.8644" , "-2.24444" , "37" ,
 "http://data.open.ac.uk/led/performance/http://data.open.ac.uk/led/music/Piano+Concert+in+C+Minor/1414593873204/1414593873217" , "http://dbpedia.org/resource/Gloucester" , "Gloucester" , "51.8644" , "-2.24444" , "37" ,
 "http://data.open.ac.uk/led/performance/http://data.open.ac.uk/led/music/St+Paul's+Voyage+to+Melita/1414593779481/1414593779495" , "http://dbpedia.org/resource/Gloucester" , "Gloucester" , "51.8644" , "-2.24444" , "37" ,
 "http://data.open.ac.uk/led/performance/http://data.open.ac.uk/led/music/Dances+of+Galanta/1414593807057/1414593807076" , "http://dbpedia.org/resource/Gloucester" , "Gloucester" , "51.8644" , "-2.24444" , "37" ,
 "http://data.open.ac.uk/led/performance/http://data.open.ac.uk/led/music/Elijah/1414593720185/1414593720197" , "http://dbpedia.org/resource/Gloucester" , "Gloucester" , "51.8644" , "-2.24444" , "37" ,
 "http://data.open.ac.uk/led/performance/http://data.open.ac.uk/led/music/Magnificat+and+Nunc+Dimittis/1414593646238/1414593646255" , "http://dbpedia.org/resource/Gloucester" , "Gloucester" , "51.8644" , "-2.24444" , "37" ,
 "http://data.open.ac.uk/led/performance/http://data.open.ac.uk/led/music/Piano+Concert+in+C+Minor/1414593873204/1414593873217" , "http://dbpedia.org/resource/Gloucester" , "Gloucester" , "51.8644" , "-2.24444" , "37" ,
 "http://data.open.ac.uk/led/performance/http://data.open.ac.uk/led/music/St+Paul's+Voyage+to+Melita/1414593779481/1414593779495" , "http://dbpedia.org/resource/Gloucester" , "Gloucester" , "51.8644" , "-2.24444" , "37" ,
 "http://data.open.ac.uk/led/performance/bb347cfd3a39a0c0fb538b58d0fccf20/1450113998594" , "http://dbpedia.org/resource/Bulgaria" , "Bulgaria" , "42.6833" , "23.3167" , "35" ,
 "http://data.open.ac.uk/led/performance/bb347cfd3a39a0c0fb538b58d0fccf20/1450113998594" , "http://dbpedia.org/resource/Bulgaria" , "Bulgaria" , "42.6833" , "23.3167" , "35" ,
 "http://data.open.ac.uk/led/performance/c3b4bab72d882d511b5790f1f187528c/1446381368854" , "http://dbpedia.org/resource/Dublin" , "Dublin" , "53.35" , "-6.26028" , "34" ,
 "http://data.open.ac.uk/led/performance/c3b4bab72d882d511b5790f1f187528c/1446381368854" , "http://dbpedia.org/resource/Dublin" , "Dublin" , "53.35" , "-6.26028" , "34" ,
 "http://data.open.ac.uk/led/performance/http://data.open.ac.uk/led/music/'Siegfried'/1426945792864/1426945792877" , "http://dbpedia.org/resource/Birmingham" , "Birmingham" , "52.48" , "-1.9025" , "35" ,
 "http://data.open.ac.uk/led/performance/http://data.open.ac.uk/led/music/'Siegfried'/1426945792864/1426945792877" , "http://dbpedia.org/resource/Birmingham" , "Birmingham" , "52.48" , "-1.9025" , "35" ,
 "http://data.open.ac.uk/led/performance/http://data.open.ac.uk/led/music/Capriccio/1435675974164/1435675974176" , "http://dbpedia.org/resource/England" , "England" , "51.5" , "-0.116667" , "34" ,
 "http://data.open.ac.uk/led/performance/http://data.open.ac.uk/led/music/L'Oiseau+de+Feu/1434572960103/1435675778157" , "http://dbpedia.org/resource/England" , "England" , "51.5" , "-0.116667" , "34" ,
 "http://data.open.ac.uk/led/performance/http://data.open.ac.uk/led/music/Falstaff/1413302291109/1413302291122" , "http://dbpedia.org/resource/Edinburgh" , "Edinburgh" , "55.9533" , "-3.18917" , "32" ,
 "http://data.open.ac.uk/led/performance/http://data.open.ac.uk/led/music/Falstaff/1413302291109/1413302291122" , "http://dbpedia.org/resource/Edinburgh" , "Edinburgh" , "55.9533" , "-3.18917" , "32" ,
 "http://data.open.ac.uk/led/performance/http://data.open.ac.uk/led/music/Two+sonatas+for+viola+and+piano/+arrangement+for+viola+of+John+Ireland%25E2%2580%2599s+violin+sonata+in+A+minor/1424423558764/1424423558781" , "http://dbpedia.org/resource/Italy" , "Italy" , "43.0" , "12.0" , "33" ,
 "http://data.open.ac.uk/led/performance/http://data.open.ac.uk/led/music/Two+sonatas+for+viola+and+piano/+arrangement+for+viola+of+John+Ireland%25E2%2580%2599s+violin+sonata+in+A+minor/1424423558764/1424423558781" , "http://dbpedia.org/resource/Italy" , "Italy" , "43.0" , "12.0" , "33" ,
 "http://data.open.ac.uk/led/performance/http://data.open.ac.uk/led/music/Two+sonatas+for+viola+and+piano/+arrangement+for+viola+of+John+Ireland%25E2%2580%2599s+violin+sonata+in+A+minor/1424423558764/1424423558781" , "http://dbpedia.org/resource/Italy" , "Italy" , "43.0" , "12.4833" , "33" ,
 "http://data.open.ac.uk/led/performance/http://data.open.ac.uk/led/music/Two+sonatas+for+viola+and+piano/+arrangement+for+viola+of+John+Ireland%25E2%2580%2599s+violin+sonata+in+A+minor/1424423558764/1424423558781" , "http://dbpedia.org/resource/Italy" , "Italy" , "43.0" , "12.4833" , "33" ,
 "http://data.open.ac.uk/led/performance/http://data.open.ac.uk/led/music/Two+sonatas+for+viola+and+piano/+arrangement+for+viola+of+John+Ireland%25E2%2580%2599s+violin+sonata+in+A+minor/1424423558764/1424423558781" , "http://dbpedia.org/resource/Italy" , "Italy" , "41.9" , "12.0" , "33" ,
 "http://data.open.ac.uk/led/performance/http://data.open.ac.uk/led/music/Two+sonatas+for+viola+and+piano/+arrangement+for+viola+of+John+Ireland%25E2%2580%2599s+violin+sonata+in+A+minor/1424423558764/1424423558781" , "http://dbpedia.org/resource/Italy" , "Italy" , "41.9" , "12.0" , "33" ,
 "http://data.open.ac.uk/led/performance/http://data.open.ac.uk/led/music/Two+sonatas+for+viola+and+piano/+arrangement+for+viola+of+John+Ireland%25E2%2580%2599s+violin+sonata+in+A+minor/1424423558764/1424423558781" , "http://dbpedia.org/resource/Italy" , "Italy" , "41.9" , "12.4833" , "33" ,
 "http://data.open.ac.uk/led/performance/http://data.open.ac.uk/led/music/Two+sonatas+for+viola+and+piano/+arrangement+for+viola+of+John+Ireland%25E2%2580%2599s+violin+sonata+in+A+minor/1424423558764/1424423558781" , "http://dbpedia.org/resource/Italy" , "Italy" , "41.9" , "12.4833" , "33" ,
 "http://data.open.ac.uk/led/performance/ec0c68ca0bbbf9c09ba96ca8d6b8f52d/1477517931125" , "http://dbpedia.org/resource/London" , "London" , "51.5072" , "-0.1275" , "37" ,
 "http://data.open.ac.uk/led/performance/ec0c68ca0bbbf9c09ba96ca8d6b8f52d/1477517931125" , "http://dbpedia.org/resource/London" , "London" , "51.5072" , "-0.1275" , "37" ,
 "http://data.open.ac.uk/led/performance/http://data.open.ac.uk/led/music/Feu+d'Artifice/1435675856950/1435675856963" , "http://dbpedia.org/resource/England" , "England" , "51.5" , "-0.116667" , "34" ,
 "http://data.open.ac.uk/led/performance/La+Mort+da+Socrate+(,+performance+of)/1393949671796" , "http://dbpedia.org/resource/Paris" , "Paris" , "48.8566" , "2.35222" , "38" ,
 "http://data.open.ac.uk/led/performance/La+Mort+da+Socrate+(,+performance+of)/1393949671796" , "http://dbpedia.org/resource/Paris" , "Paris" , "48.8566" , "2.35222" , "38" ,
 "http://data.open.ac.uk/led/performance/http://data.open.ac.uk/led/music/Stewelpeter/1414592170628/1414592170645" , "http://dbpedia.org/resource/Hamburg" , "Hamburg" , "53.55" , "10.0" , "38" ,
 "http://data.open.ac.uk/led/performance/http://data.open.ac.uk/led/music/Stewelpeter/1414592170628/1414592170645" , "http://dbpedia.org/resource/Hamburg" , "Hamburg" , "53.55" , "10.0" , "38" ,
 "http://data.open.ac.uk/led/performance/http://data.open.ac.uk/led/music/'H%25C3%25A4nsel+und+Gretel'/1429095187430/1429095187440" , "http://dbpedia.org/resource/London" , "London" , "51.5072" , "-0.1275" , "37" ,
 "http://data.open.ac.uk/led/performance/http://data.open.ac.uk/led/music/'Manon+Lescaut'/1429094832574/1429094832579" , "http://dbpedia.org/resource/London" , "London" , "51.5072" , "-0.1275" , "37" ,
 "http://data.open.ac.uk/led/performance/http://data.open.ac.uk/led/music/'H%25C3%25A4nsel+und+Gretel'/1429095187430/1429095187440" , "http://dbpedia.org/resource/London" , "London" , "51.5072" , "-0.1275" , "37" ,
 "http://data.open.ac.uk/led/performance/http://data.open.ac.uk/led/music/'Manon+Lescaut'/1429094832574/1429094832579" , "http://dbpedia.org/resource/London" , "London" , "51.5072" , "-0.1275" , "37" ,
 "http://data.open.ac.uk/led/performance/c746832fdcafda5f17c8d628bc25c8f2/1446381826772" , "http://dbpedia.org/resource/Venice" , "Venice" , "45.4375" , "12.3358" , "32" ,
 "http://data.open.ac.uk/led/performance/c746832fdcafda5f17c8d628bc25c8f2/1446381826772" , "http://dbpedia.org/resource/Venice" , "Venice" , "45.4375" , "12.3358" , "32" ,
 "http://data.open.ac.uk/led/performance/http://data.open.ac.uk/led/music/Gallimaufry/1414591647990/1414592105837" , "http://dbpedia.org/resource/Hamburg" , "Hamburg" , "53.55" , "10.0" , "38" ,
 "http://data.open.ac.uk/led/performance/http://data.open.ac.uk/led/music/Gallimaufry/1414591647990/1414592105837" , "http://dbpedia.org/resource/Hamburg" , "Hamburg" , "53.55" , "10.0" , "38" ,
 "http://data.open.ac.uk/led/performance/http://led.kmi.open.ac.uk/item/music/Vaughan+Williams+-+'Pastoral+Symphony'+(conducted+by+the+composer)/1406889872805/1406889872813" , "http://dbpedia.org/resource/London" , "London" , "51.5072" , "-0.1275" , "33" ,
 "http://data.open.ac.uk/led/performance/http://led.kmi.open.ac.uk/item/music/Vaughan+Williams+-+'Pastoral+Symphony'+(conducted+by+the+composer)/1406889872805/1406889872813" , "http://dbpedia.org/resource/London" , "London" , "51.5072" , "-0.1275" , "33" ,
 "http://data.open.ac.uk/led/performance/a412fc59a38e38b0a373519b31841a9b/1449059488870" , "http://dbpedia.org/resource/London" , "London" , "51.5072" , "-0.1275" , "38" ,
 "http://data.open.ac.uk/led/performance/48e8605a70449350417981b1d3bc10a1/1477169582833" , "http://dbpedia.org/resource/London" , "London" , "51.5072" , "-0.1275" , "32" ,
 "http://data.open.ac.uk/led/performance/5340cde3e9fbc2fc8be578bedcf0d2d2/1446403208468" , "http://dbpedia.org/resource/London" , "London" , "51.5072" , "-0.1275" , "35" ,
 "http://data.open.ac.uk/led/performance/a412fc59a38e38b0a373519b31841a9b/1449059488870" , "http://dbpedia.org/resource/London" , "London" , "51.5072" , "-0.1275" , "38" ,
 "http://data.open.ac.uk/led/performance/48e8605a70449350417981b1d3bc10a1/1477169582833" , "http://dbpedia.org/resource/London" , "London" , "51.5072" , "-0.1275" , "32" ,
 "http://data.open.ac.uk/led/performance/5340cde3e9fbc2fc8be578bedcf0d2d2/1446403208468" , "http://dbpedia.org/resource/London" , "London" , "51.5072" , "-0.1275" , "35" ,
 "http://data.open.ac.uk/led/performance/http://data.open.ac.uk/led/music/'Die+Meistersinger+von+N%25C3%25BCrnberg'/1429015427310/1429015427316" , "http://dbpedia.org/resource/London" , "London" , "51.5072" , "-0.1275" , "36" ,
 "http://data.open.ac.uk/led/performance/e5fe1c5b62ee04fe7054c0f058eb531a/1446402583298" , "http://dbpedia.org/resource/London" , "London" , "51.5072" , "-0.1275" , "35" ,
 "http://data.open.ac.uk/led/performance/http://data.open.ac.uk/led/music/'Die+Meistersinger+von+N%25C3%25BCrnberg'/1429015427310/1429015427316" , "http://dbpedia.org/resource/London" , "London" , "51.5072" , "-0.1275" , "36" ,
 "http://data.open.ac.uk/led/performance/e5fe1c5b62ee04fe7054c0f058eb531a/1446402583298" , "http://dbpedia.org/resource/London" , "London" , "51.5072" , "-0.1275" , "35" ,
 "http://data.open.ac.uk/led/performance/Siegfried+Idyll+(,+performance+of)/1393949373063" , "http://dbpedia.org/resource/Chelsea,_London" , "Chelsea, London" , "51.4875" , "-0.1684" , "38" ,
 "http://data.open.ac.uk/led/performance/String+Quartets+op.18+(,+performance+of)/1393950736225" , "http://dbpedia.org/resource/Chelsea,_London" , "Chelsea, London" , "51.4875" , "-0.1684" , "38" ,
 "http://data.open.ac.uk/led/performance/Siegfried+Idyll+(,+performance+of)/1393949373063" , "http://dbpedia.org/resource/Chelsea,_London" , "Chelsea, London" , "51.4875" , "-0.1684" , "38" ,
 "http://data.open.ac.uk/led/performance/String+Quartets+op.18+(,+performance+of)/1393950736225" , "http://dbpedia.org/resource/Chelsea,_London" , "Chelsea, London" , "51.4875" , "-0.1684" , "38" ,
 "http://data.open.ac.uk/led/performance/http://led.kmi.open.ac.uk/item/music/Sonata+in+E+major+(op.+109)/1408110385159/1408110385163" , "http://dbpedia.org/resource/London" , "London" , "51.5072" , "-0.1275" , "37" ,
 "http://data.open.ac.uk/led/performance/http://led.kmi.open.ac.uk/item/music/Sonata+in+E+major+(op.+109)/1408110385159/1408110385163" , "http://dbpedia.org/resource/London" , "London" , "51.5072" , "-0.1275" , "37" ,
 "http://data.open.ac.uk/led/performance/035bce05c473202ccdcd619eca08d320/1451587180882" , "http://dbpedia.org/resource/Russia" , "Russia" , "55.7558" , "37.6172" , "34" ,
 "http://data.open.ac.uk/led/performance/http://data.open.ac.uk/led/music/Beethoven's+Third+and+Fifth+symphonies/1431351646627/1431351646638" , "http://dbpedia.org/resource/Russia" , "Russia" , "55.7558" , "37.6172" , "36" ,
 "http://data.open.ac.uk/led/performance/e21eedf206f1faf0c850163a421c2734/1450353150908" , "http://dbpedia.org/resource/Russia" , "Russia" , "55.7558" , "37.6172" , "37" ,
 "http://data.open.ac.uk/led/performance/b7361880992f90afc7f7c739bdb1f7ce/1451587403555" , "http://dbpedia.org/resource/Russia" , "Russia" , "55.7558" , "37.6172" , "38" ,
 "http://data.open.ac.uk/led/performance/http://data.open.ac.uk/led/music/Two+ballet+suites+'The+Golden+Age'+and+'Bolt'/1431351113385/1431351113397" , "http://dbpedia.org/resource/Russia" , "Russia" , "55.7558" , "37.6172" , "33" ,
 "http://data.open.ac.uk/led/performance/035bce05c473202ccdcd619eca08d320/1451587180882" , "http://dbpedia.org/resource/Russia" , "Russia" , "55.7558" , "37.6172" , "34" ,
 "http://data.open.ac.uk/led/performance/http://data.open.ac.uk/led/music/Beethoven's+Third+and+Fifth+symphonies/1431351646627/1431351646638" , "http://dbpedia.org/resource/Russia" , "Russia" , "55.7558" , "37.6172" , "36" ,
 "http://data.open.ac.uk/led/performance/e21eedf206f1faf0c850163a421c2734/1450353150908" , "http://dbpedia.org/resource/Russia" , "Russia" , "55.7558" , "37.6172" , "37" ,
 "http://data.open.ac.uk/led/performance/b7361880992f90afc7f7c739bdb1f7ce/1451587403555" , "http://dbpedia.org/resource/Russia" , "Russia" , "55.7558" , "37.6172" , "38" ,
 "http://data.open.ac.uk/led/performance/http://data.open.ac.uk/led/music/Two+ballet+suites+'The+Golden+Age'+and+'Bolt'/1431351113385/1431351113397" , "http://dbpedia.org/resource/Russia" , "Russia" , "55.7558" , "37.6172" , "33" ,
 "http://data.open.ac.uk/led/performance/Variations+for+Piano+(,+performance+of)/1388232554284" , "http://dbpedia.org/resource/Harvard_University" , "Harvard University" , "42.3744" , "-71.1169" , "38" ,
 "http://data.open.ac.uk/led/performance/Variations+for+Piano+(,+performance+of)/1388232554284" , "http://dbpedia.org/resource/Harvard_University" , "Harvard University" , "42.3744" , "-71.1169" , "38" ,
 "http://data.open.ac.uk/led/performance/2649f36f64b110803141a3b336fc0feb/1448909200574" , "http://dbpedia.org/resource/London" , "London" , "51.5072" , "-0.1275" , "37" ,
 "http://data.open.ac.uk/led/performance/45b791819bc9e65dc9716ed0668baa45/1446402530072" , "http://dbpedia.org/resource/London" , "London" , "51.5072" , "-0.1275" , "35" ,
 "http://data.open.ac.uk/led/performance/7da17eeccf4a97620753577a9ddd70e0/1446402725490" , "http://dbpedia.org/resource/London" , "London" , "51.5072" , "-0.1275" , "35" ,
 "http://data.open.ac.uk/led/performance/e9732af69ff1498be5a85d9f3117afcf/1446402666666" , "http://dbpedia.org/resource/London" , "London" , "51.5072" , "-0.1275" , "35" ,
 "http://data.open.ac.uk/led/performance/2649f36f64b110803141a3b336fc0feb/1448909200574" , "http://dbpedia.org/resource/London" , "London" , "51.5072" , "-0.1275" , "37" ,
 "http://data.open.ac.uk/led/performance/45b791819bc9e65dc9716ed0668baa45/1446402530072" , "http://dbpedia.org/resource/London" , "London" , "51.5072" , "-0.1275" , "35" ,
 "http://data.open.ac.uk/led/performance/7da17eeccf4a97620753577a9ddd70e0/1446402725490" , "http://dbpedia.org/resource/London" , "London" , "51.5072" , "-0.1275" , "35" ,
 "http://data.open.ac.uk/led/performance/e9732af69ff1498be5a85d9f3117afcf/1446402666666" , "http://dbpedia.org/resource/London" , "London" , "51.5072" , "-0.1275" , "35" ,
 "http://data.open.ac.uk/led/performance/http://data.open.ac.uk/led/music/Ysa%25C3%25BFe's+violin+sonatas/1432735633398/1432735633409" , "http://dbpedia.org/resource/Belgium" , "Belgium" , "50.85" , "4.0" , "37" ,
 "http://data.open.ac.uk/led/performance/http://data.open.ac.uk/led/music/Ysa%25C3%25BFe's+violin+sonatas/1432735633398/1432735633409" , "http://dbpedia.org/resource/Belgium" , "Belgium" , "50.85" , "4.0" , "37" ,
 "http://data.open.ac.uk/led/performance/http://data.open.ac.uk/led/music/Ysa%25C3%25BFe's+violin+sonatas/1432735633398/1432735633409" , "http://dbpedia.org/resource/Belgium" , "Belgium" , "50.85" , "4.35" , "37" ,
 "http://data.open.ac.uk/led/performance/http://data.open.ac.uk/led/music/Ysa%25C3%25BFe's+violin+sonatas/1432735633398/1432735633409" , "http://dbpedia.org/resource/Belgium" , "Belgium" , "50.85" , "4.35" , "37" ,
 "http://data.open.ac.uk/led/performance/http://data.open.ac.uk/led/music/Ysa%25C3%25BFe's+violin+sonatas/1432735633398/1432735633409" , "http://dbpedia.org/resource/Belgium" , "Belgium" , "50.8333" , "4.0" , "37" ,
 "http://data.open.ac.uk/led/performance/http://data.open.ac.uk/led/music/Ysa%25C3%25BFe's+violin+sonatas/1432735633398/1432735633409" , "http://dbpedia.org/resource/Belgium" , "Belgium" , "50.8333" , "4.0" , "37" ,
 "http://data.open.ac.uk/led/performance/http://data.open.ac.uk/led/music/Ysa%25C3%25BFe's+violin+sonatas/1432735633398/1432735633409" , "http://dbpedia.org/resource/Belgium" , "Belgium" , "50.8333" , "4.35" , "37" ,
 "http://data.open.ac.uk/led/performance/http://data.open.ac.uk/led/music/Ysa%25C3%25BFe's+violin+sonatas/1432735633398/1432735633409" , "http://dbpedia.org/resource/Belgium" , "Belgium" , "50.8333" , "4.35" , "37" ,
 "http://data.open.ac.uk/led/performance/http://data.open.ac.uk/led/music/Overture+to+'Die+Meistersinger+von+N%25C3%25BCrnberg'/1426878496047/1426878496060" , "http://dbpedia.org/resource/Brussels" , "Brussels" , "50.8467" , "4.3525" , "35" ,
 "http://data.open.ac.uk/led/performance/http://data.open.ac.uk/led/music/Overture+to+'The+Wreckers'/1426878667924/1426878667936" , "http://dbpedia.org/resource/Brussels" , "Brussels" , "50.8467" , "4.3525" , "35" ,
 "http://data.open.ac.uk/led/performance/http://data.open.ac.uk/led/music/Symphony+G+minor+No.+40,+K+550/1426878586224/1426878586237" , "http://dbpedia.org/resource/Brussels" , "Brussels" , "50.8467" , "4.3525" , "35" ,
 "http://data.open.ac.uk/led/performance/http://data.open.ac.uk/led/music/unspecified+orchestral+music/1419183399089/1426878830836" , "http://dbpedia.org/resource/Brussels" , "Brussels" , "50.8467" , "4.3525" , "35" ,
 "http://data.open.ac.uk/led/performance/http://data.open.ac.uk/led/music/Overture+to+'Die+Meistersinger+von+N%25C3%25BCrnberg'/1426878496047/1426878496060" , "http://dbpedia.org/resource/Brussels" , "Brussels" , "50.8467" , "4.3525" , "35" ,
 "http://data.open.ac.uk/led/performance/http://data.open.ac.uk/led/music/Overture+to+'The+Wreckers'/1426878667924/1426878667936" , "http://dbpedia.org/resource/Brussels" , "Brussels" , "50.8467" , "4.3525" , "35" ,
 "http://data.open.ac.uk/led/performance/http://data.open.ac.uk/led/music/Symphony+G+minor+No.+40,+K+550/1426878586224/1426878586237" , "http://dbpedia.org/resource/Brussels" , "Brussels" , "50.8467" , "4.3525" , "35" ,
 "http://data.open.ac.uk/led/performance/http://data.open.ac.uk/led/music/unspecified+orchestral+music/1419183399089/1426878830836" , "http://dbpedia.org/resource/Brussels" , "Brussels" , "50.8467" , "4.3525" , "35" ,
 "http://data.open.ac.uk/led/performance/http://data.open.ac.uk/led/music/Black-bottom+Blues/1426877307222/1426877307234" , "http://dbpedia.org/resource/Florida" , "Florida" , "28.0" , "-82.0" , "36" ,
 "http://data.open.ac.uk/led/performance/http://data.open.ac.uk/led/music/Classical/1427124763171/1427124763183" , "http://dbpedia.org/resource/Florida" , "Florida" , "28.0" , "-82.0" , "38" ,
 "http://data.open.ac.uk/led/performance/http://data.open.ac.uk/led/music/Black-bottom+Blues/1426877307222/1426877307234" , "http://dbpedia.org/resource/Florida" , "Florida" , "28.0" , "-82.0" , "36" ,
 "http://data.open.ac.uk/led/performance/http://data.open.ac.uk/led/music/Classical/1427124763171/1427124763183" , "http://dbpedia.org/resource/Florida" , "Florida" , "28.0" , "-82.0" , "38" ,
 "http://data.open.ac.uk/led/performance/Ave+Maria+(,+performance+of)/1404496828934" , "http://dbpedia.org/resource/Algeciras" , "Algeciras" , "36.1275" , "-5.45389" , "35" ,
 "http://data.open.ac.uk/led/performance/On+with+the+motley+(,+performance+of)/1404496770502" , "http://dbpedia.org/resource/Algeciras" , "Algeciras" , "36.1275" , "-5.45389" , "35" ,
 "http://data.open.ac.uk/led/performance/Ave+Maria+(,+performance+of)/1404496828934" , "http://dbpedia.org/resource/Algeciras" , "Algeciras" , "36.1275" , "-5.45389" , "35" ,
 "http://data.open.ac.uk/led/performance/On+with+the+motley+(,+performance+of)/1404496770502" , "http://dbpedia.org/resource/Algeciras" , "Algeciras" , "36.1275" , "-5.45389" , "35" ,
 "http://data.open.ac.uk/led/performance/Ave+Maria+(,+performance+of)/1404225890616" , "http://dbpedia.org/resource/Southampton" , "Southampton" , "50.9025" , "-1.40417" , "34" ,
 "http://data.open.ac.uk/led/performance/Largo+(,+performance+of)/1404225846227" , "http://dbpedia.org/resource/Southampton" , "Southampton" , "50.9025" , "-1.40417" , "34" ,
 "http://data.open.ac.uk/led/performance/Loch+Lomond+(,+performance+of)/1404225700454" , "http://dbpedia.org/resource/Southampton" , "Southampton" , "50.9025" , "-1.40417" , "34" ,
 "http://data.open.ac.uk/led/performance/Picking+up+sticks+(,+performance+of)/1404226060581" , "http://dbpedia.org/resource/Southampton" , "Southampton" , "50.9025" , "-1.40417" , "34" ,
 "http://data.open.ac.uk/led/performance/Serenade+(,+performance+of)/1404225937696" , "http://dbpedia.org/resource/Southampton" , "Southampton" , "50.9025" , "-1.40417" , "34" ,
 "http://data.open.ac.uk/led/performance/The+Devil's+Trill+(,+performance+of)/1404226024627" , "http://dbpedia.org/resource/Southampton" , "Southampton" , "50.9025" , "-1.40417" , "34" ,
 "http://data.open.ac.uk/led/performance/The+Rose+of+Tralee+(,+performance+of)/1404225811585" , "http://dbpedia.org/resource/Southampton" , "Southampton" , "50.9025" , "-1.40417" , "34" ,
 "http://data.open.ac.uk/led/performance/The+Whistler+and+His+Dog+(,+performance+of)/1404225985099" , "http://dbpedia.org/resource/Southampton" , "Southampton" , "50.9025" , "-1.40417" , "34" ,
 "http://data.open.ac.uk/led/performance/Wales!+Wales!+(,+performance+of)/1404225765381" , "http://dbpedia.org/resource/Southampton" , "Southampton" , "50.9025" , "-1.40417" , "34" ,
 "http://data.open.ac.uk/led/performance/Ave+Maria+(,+performance+of)/1404225890616" , "http://dbpedia.org/resource/Southampton" , "Southampton" , "50.9025" , "-1.40417" , "34" ,
 "http://data.open.ac.uk/led/performance/Largo+(,+performance+of)/1404225846227" , "http://dbpedia.org/resource/Southampton" , "Southampton" , "50.9025" , "-1.40417" , "34" ,
 "http://data.open.ac.uk/led/performance/Loch+Lomond+(,+performance+of)/1404225700454" , "http://dbpedia.org/resource/Southampton" , "Southampton" , "50.9025" , "-1.40417" , "34" ,
 "http://data.open.ac.uk/led/performance/Picking+up+sticks+(,+performance+of)/1404226060581" , "http://dbpedia.org/resource/Southampton" , "Southampton" , "50.9025" , "-1.40417" , "34" ,
 "http://data.open.ac.uk/led/performance/Serenade+(,+performance+of)/1404225937696" , "http://dbpedia.org/resource/Southampton" , "Southampton" , "50.9025" , "-1.40417" , "34" ,
 "http://data.open.ac.uk/led/performance/The+Devil's+Trill+(,+performance+of)/1404226024627" , "http://dbpedia.org/resource/Southampton" , "Southampton" , "50.9025" , "-1.40417" , "34" ,
 "http://data.open.ac.uk/led/performance/The+Rose+of+Tralee+(,+performance+of)/1404225811585" , "http://dbpedia.org/resource/Southampton" , "Southampton" , "50.9025" , "-1.40417" , "34" ,
 "http://data.open.ac.uk/led/performance/The+Whistler+and+His+Dog+(,+performance+of)/1404225985099" , "http://dbpedia.org/resource/Southampton" , "Southampton" , "50.9025" , "-1.40417" , "34" ,
 "http://data.open.ac.uk/led/performance/Wales!+Wales!+(,+performance+of)/1404225765381" , "http://dbpedia.org/resource/Southampton" , "Southampton" , "50.9025" , "-1.40417" , "34" ,
 "http://data.open.ac.uk/led/performance/http://data.open.ac.uk/led/music/Sonata+for+viola+and+piano/1424449376326/1424449376338" , "http://dbpedia.org/resource/Broadcasting_House" , "Broadcasting House" , "51.5186" , "-0.143833" , "35" ,
 "http://data.open.ac.uk/led/performance/http://data.open.ac.uk/led/music/Sonata+for+viola+and+piano/1424449376326/1424449376338" , "http://dbpedia.org/resource/Broadcasting_House" , "Broadcasting House" , "51.5186" , "-0.143833" , "35" ,
 "http://data.open.ac.uk/led/performance/Castilian+folk+songs+(,+performance+of)/1404494896668" , "http://dbpedia.org/resource/Toledo,_Spain" , "Toledo, Spain" , "39.8567" , "-4.02444" , "35" ,
 "http://data.open.ac.uk/led/performance/Scots+Wa'+Hae+(,+performance+of)/1404494813601" , "http://dbpedia.org/resource/Toledo,_Spain" , "Toledo, Spain" , "39.8567" , "-4.02444" , "35" ,
 "http://data.open.ac.uk/led/performance/The+Bonnie+Earl+of+Murray+(,+performance+of)/1404494857087" , "http://dbpedia.org/resource/Toledo,_Spain" , "Toledo, Spain" , "39.8567" , "-4.02444" , "35" ,
 "http://data.open.ac.uk/led/performance/Castilian+folk+songs+(,+performance+of)/1404494896668" , "http://dbpedia.org/resource/Toledo,_Spain" , "Toledo, Spain" , "39.8567" , "-4.02444" , "35" ,
 "http://data.open.ac.uk/led/performance/Scots+Wa'+Hae+(,+performance+of)/1404494813601" , "http://dbpedia.org/resource/Toledo,_Spain" , "Toledo, Spain" , "39.8567" , "-4.02444" , "35" ,
 "http://data.open.ac.uk/led/performance/The+Bonnie+Earl+of+Murray+(,+performance+of)/1404494857087" , "http://dbpedia.org/resource/Toledo,_Spain" , "Toledo, Spain" , "39.8567" , "-4.02444" , "35" ,
 "http://data.open.ac.uk/led/performance/Auld+Lang+Syne+(,+performance+of)/1396279950043" , "http://dbpedia.org/resource/Liverpool" , "Liverpool" , "53.4075" , "-2.99194" , "35" ,
 "http://data.open.ac.uk/led/performance/Rule+Britannia+(,+performance+of)/1396280069974" , "http://dbpedia.org/resource/Liverpool" , "Liverpool" , "53.4075" , "-2.99194" , "35" ,
 "http://data.open.ac.uk/led/performance/Auld+Lang+Syne+(,+performance+of)/1396279950043" , "http://dbpedia.org/resource/Liverpool" , "Liverpool" , "53.4075" , "-2.99194" , "35" ,
 "http://data.open.ac.uk/led/performance/Rule+Britannia+(,+performance+of)/1396280069974" , "http://dbpedia.org/resource/Liverpool" , "Liverpool" , "53.4075" , "-2.99194" , "35" ,
 "http://data.open.ac.uk/led/performance/cbcb1aeea0b7d4248132d3bdf5dc9213/1451585961129" , "http://dbpedia.org/resource/Russia" , "Russia" , "55.7558" , "37.6172" , "33" ,
 "http://data.open.ac.uk/led/performance/http://data.open.ac.uk/led/music/Shostakovich's+Fourth+Symphony/1427828957045/1431351699875" , "http://dbpedia.org/resource/Russia" , "Russia" , "55.7558" , "37.6172" , "36" ,
 "http://data.open.ac.uk/led/performance/http://data.open.ac.uk/led/music/Tchaikovsky's+'Romeo+and+Juliet'+/+Shostakovich's+Fifth+Symphonie/1431349673754/1431349673765" , "http://dbpedia.org/resource/Russia" , "Russia" , "55.7558" , "37.6172" , "37" ,
 "http://data.open.ac.uk/led/performance/fcd5f01186129e5e52d1cfb382037cc9/1451586957136" , "http://dbpedia.org/resource/Russia" , "Russia" , "55.7558" , "37.6172" , "34" ,
 "http://data.open.ac.uk/led/performance/9edc2c45ac07e66132d20b5cad049d21/1451585911942" , "http://dbpedia.org/resource/Russia" , "Russia" , "55.7558" , "37.6172" , "33" ,
 "http://data.open.ac.uk/led/performance/cbcb1aeea0b7d4248132d3bdf5dc9213/1451585961129" , "http://dbpedia.org/resource/Russia" , "Russia" , "55.7558" , "37.6172" , "33" ,
 "http://data.open.ac.uk/led/performance/http://data.open.ac.uk/led/music/Shostakovich's+Fourth+Symphony/1427828957045/1431351699875" , "http://dbpedia.org/resource/Russia" , "Russia" , "55.7558" , "37.6172" , "36" ,
 "http://data.open.ac.uk/led/performance/http://data.open.ac.uk/led/music/Tchaikovsky's+'Romeo+and+Juliet'+/+Shostakovich's+Fifth+Symphonie/1431349673754/1431349673765" , "http://dbpedia.org/resource/Russia" , "Russia" , "55.7558" , "37.6172" , "37" ,
 "http://data.open.ac.uk/led/performance/fcd5f01186129e5e52d1cfb382037cc9/1451586957136" , "http://dbpedia.org/resource/Russia" , "Russia" , "55.7558" , "37.6172" , "34" ,
 "http://data.open.ac.uk/led/performance/9edc2c45ac07e66132d20b5cad049d21/1451585911942" , "http://dbpedia.org/resource/Russia" , "Russia" , "55.7558" , "37.6172" , "33" ,
 "http://data.open.ac.uk/led/performance/http://data.open.ac.uk/led/music/'+Paris,+A+Night+Piece+-+The+Song+of+a+Great+City'/1426432026637/1426432026650" , "http://dbpedia.org/resource/London" , "London" , "51.5072" , "-0.1275" , "34" ,
 "http://data.open.ac.uk/led/performance/http://data.open.ac.uk/led/music/'Also+sprach+Zarathustra'+op.+30/1429014308008/1429014308016" , "http://dbpedia.org/resource/London" , "London" , "51.5072" , "-0.1275" , "36" ,
 "http://data.open.ac.uk/led/performance/http://data.open.ac.uk/led/music/'Don+Juan+de+Ma%25C3%25B1ara'/1429210508116/1429210508127" , "http://dbpedia.org/resource/London" , "London" , "51.5072" , "-0.1275" , "37" ,
 "http://data.open.ac.uk/led/performance/http://data.open.ac.uk/led/music/'Louise'/1429016237479/1429016237489" , "http://dbpedia.org/resource/London" , "London" , "51.5072" , "-0.1275" , "36" ,
 "http://data.open.ac.uk/led/performance/http://data.open.ac.uk/led/music/'Messa+da+Requiem'/1426431715162/1426431715175" , "http://dbpedia.org/resource/London" , "London" , "51.5072" , "-0.1275" , "34" ,
 "http://data.open.ac.uk/led/performance/http://data.open.ac.uk/led/music/'+Paris,+A+Night+Piece+-+The+Song+of+a+Great+City'/1426432026637/1426432026650" , "http://dbpedia.org/resource/London" , "London" , "51.5072" , "-0.1275" , "34" ,
 "http://data.open.ac.uk/led/performance/http://data.open.ac.uk/led/music/'Also+sprach+Zarathustra'+op.+30/1429014308008/1429014308016" , "http://dbpedia.org/resource/London" , "London" , "51.5072" , "-0.1275" , "36" ,
 "http://data.open.ac.uk/led/performance/http://data.open.ac.uk/led/music/'Don+Juan+de+Ma%25C3%25B1ara'/1429210508116/1429210508127" , "http://dbpedia.org/resource/London" , "London" , "51.5072" , "-0.1275" , "37" ,
 "http://data.open.ac.uk/led/performance/http://data.open.ac.uk/led/music/'Louise'/1429016237479/1429016237489" , "http://dbpedia.org/resource/London" , "London" , "51.5072" , "-0.1275" , "36" ,
 "http://data.open.ac.uk/led/performance/http://data.open.ac.uk/led/music/'Messa+da+Requiem'/1426431715162/1426431715175" , "http://dbpedia.org/resource/London" , "London" , "51.5072" , "-0.1275" , "34" ,
 "http://data.open.ac.uk/led/performance/96f0cf77c8e0967f3aa1f6fbf9b3adb9/1450114372239" , "http://dbpedia.org/resource/Brussels" , "Brussels" , "50.8467" , "4.3525" , "37" ,
 "http://data.open.ac.uk/led/performance/4a88a13b0eecf6d3379d10e90b964194/1450179318845" , "http://dbpedia.org/resource/Brussels" , "Brussels" , "50.8467" , "4.3525" , "37" ,
 "http://data.open.ac.uk/led/performance/8402dd3f6e27ec7d7f2d417d9d83cbbb/1450179444011" , "http://dbpedia.org/resource/Brussels" , "Brussels" , "50.8467" , "4.3525" , "37" ,
 "http://data.open.ac.uk/led/performance/ebb32e33364b21ac8f9a437acf300aab/1450179198090" , "http://dbpedia.org/resource/Brussels" , "Brussels" , "50.8467" , "4.3525" , "37" ,
 "http://data.open.ac.uk/led/performance/96f0cf77c8e0967f3aa1f6fbf9b3adb9/1450114372239" , "http://dbpedia.org/resource/Brussels" , "Brussels" , "50.8467" , "4.3525" , "37" ,
 "http://data.open.ac.uk/led/performance/4a88a13b0eecf6d3379d10e90b964194/1450179318845" , "http://dbpedia.org/resource/Brussels" , "Brussels" , "50.8467" , "4.3525" , "37" ,
 "http://data.open.ac.uk/led/performance/8402dd3f6e27ec7d7f2d417d9d83cbbb/1450179444011" , "http://dbpedia.org/resource/Brussels" , "Brussels" , "50.8467" , "4.3525" , "37" ,
 "http://data.open.ac.uk/led/performance/ebb32e33364b21ac8f9a437acf300aab/1450179198090" , "http://dbpedia.org/resource/Brussels" , "Brussels" , "50.8467" , "4.3525" , "37" ,
 "http://data.open.ac.uk/led/performance/cdcc7ba997cef9efeaa05e2e41f399b3/1448919708080" , "http://dbpedia.org/resource/Sussex" , "Sussex" , "51.0" , "0.0" , "38" ,
 "http://data.open.ac.uk/led/performance/cdcc7ba997cef9efeaa05e2e41f399b3/1448919708080" , "http://dbpedia.org/resource/Sussex" , "Sussex" , "51.0" , "0.0" , "38" ,
 "http://data.open.ac.uk/led/performance/http://data.open.ac.uk/led/music/'A+Village+Romeo+and+Juliet'/1426344222684/1426344222697" , "http://dbpedia.org/resource/Royal_College_of_Music" , "Royal College of Music" , "51.4997" , "-0.176944" , "34" ,
 "http://data.open.ac.uk/led/performance/http://data.open.ac.uk/led/music/'A+Village+Romeo+and+Juliet'/1426344222684/1426344222697" , "http://dbpedia.org/resource/Royal_College_of_Music" , "Royal College of Music" , "51.4997" , "-0.176944" , "34" ,
 "http://data.open.ac.uk/led/performance/Werther+(,+performance+of)/1393949079256" , "http://dbpedia.org/resource/Paris" , "Paris" , "48.8566" , "2.35222" , "38" ,
 "http://data.open.ac.uk/led/performance/Werther+(,+performance+of)/1393949079256" , "http://dbpedia.org/resource/Paris" , "Paris" , "48.8566" , "2.35222" , "38" ,
 "http://data.open.ac.uk/led/performance/http://data.open.ac.uk/led/music/tenor+saxophone+music/1435152984216/1435759668428" , "http://dbpedia.org/resource/Kansas_City,_Missouri" , "Kansas City, Missouri" , "39.0997" , "-94.5783" , "34" ,
 "http://data.open.ac.uk/led/performance/http://data.open.ac.uk/led/music/Kansas+City+Jazz+music/1435570823539/1435570823551" , "http://dbpedia.org/resource/Kansas_City,_Missouri" , "Kansas City, Missouri" , "39.0997" , "-94.5783" , "33" ,
 "http://data.open.ac.uk/led/performance/http://data.open.ac.uk/led/music/tenor+saxophone+music/1435152984216/1435759668428" , "http://dbpedia.org/resource/Kansas_City,_Missouri" , "Kansas City, Missouri" , "39.0997" , "-94.5783" , "34" ,
 "http://data.open.ac.uk/led/performance/http://data.open.ac.uk/led/music/Kansas+City+Jazz+music/1435570823539/1435570823551" , "http://dbpedia.org/resource/Kansas_City,_Missouri" , "Kansas City, Missouri" , "39.0997" , "-94.5783" , "33" ,
 "http://data.open.ac.uk/led/performance/http://data.open.ac.uk/led/music/Falstaff/1413302291109/1414585165389" , "http://dbpedia.org/resource/Vienna" , "Vienna" , "48.2" , "16.3667" , "34" ,
 "http://data.open.ac.uk/led/performance/http://data.open.ac.uk/led/music/Falstaff/1413302291109/1414585165389" , "http://dbpedia.org/resource/Vienna" , "Vienna" , "48.2" , "16.3667" , "34" ,
 "http://data.open.ac.uk/led/performance/http://data.open.ac.uk/led/music/The+Garden+of+Fand/1414582379659/1414582379672" , "http://dbpedia.org/resource/Queen's_Hall" , "Queen's Hall" , "51.5181" , "-0.1425" , "33" ,
 "http://data.open.ac.uk/led/performance/Piano+Concerto+(,+performance+of)/1393947249162" , "http://dbpedia.org/resource/Queen's_Hall" , "Queen's Hall" , "51.5181" , "-0.1425" , "37" ,
 "http://data.open.ac.uk/led/performance/Notturno+for+four+orchestras+K.286+(,+performance+of)/1393950128661" , "http://dbpedia.org/resource/Queen's_Hall" , "Queen's Hall" , "51.5181" , "-0.1425" , "38" ,
 "http://data.open.ac.uk/led/performance/Symphony+(,+performance+of)/1393950176387" , "http://dbpedia.org/resource/Queen's_Hall" , "Queen's Hall" , "51.5181" , "-0.1425" , "38" ,
 "http://data.open.ac.uk/led/performance/Violin+Concerto+in+D+(,+performance+of)/1393950118982" , "http://dbpedia.org/resource/Queen's_Hall" , "Queen's Hall" , "51.5181" , "-0.1425" , "38" ,
 "http://data.open.ac.uk/led/performance/http://data.open.ac.uk/led/music/classical+music/1429446862331/1430231016206" , "http://dbpedia.org/resource/England" , "England" , "51.5" , "-0.116667" , "33" ,
 "http://data.open.ac.uk/led/performance/http://data.open.ac.uk/led/music/%25E2%2580%2598Pers%25C3%25A9phone%25E2%2580%2599/1435675710640/1435675710651" , "http://dbpedia.org/resource/England" , "England" , "51.5" , "-0.116667" , "34" ,
 "http://data.open.ac.uk/led/performance/http://data.open.ac.uk/led/music/jazz+tenor+saxophone+music/1435832131389/1435832796484" , "http://dbpedia.org/resource/Kansas_City,_Missouri" , "Kansas City, Missouri" , "39.0997" , "-94.5783" , "34" ,
 "http://data.open.ac.uk/led/performance/http://data.open.ac.uk/led/music/jazz+tenor+saxophone+music/1435832131389/1435832796484" , "http://dbpedia.org/resource/Kansas_City,_Missouri" , "Kansas City, Missouri" , "39.0997" , "-94.5783" , "34" ,
 "http://data.open.ac.uk/led/performance/bd9c2bd4451d05dbcf7c19e265b7399c/1446754006600" , "http://dbpedia.org/resource/Aix-en-Provence" , "Aix en Provence" , "43.5263" , "5.44543" , "35" ,
 "http://data.open.ac.uk/led/performance/bd9c2bd4451d05dbcf7c19e265b7399c/1446754006600" , "http://dbpedia.org/resource/Aix-en-Provence" , "Aix-en-Provence" , "43.5263" , "5.44543" , "35" ,
 "http://data.open.ac.uk/led/performance/a2f808124b4488501884a8ebca88d56f/1450117568743" , "http://dbpedia.org/resource/Budapest" , "Budapest" , "47.4925" , "19.0514" , "38" ,
 "http://data.open.ac.uk/led/performance/a1d8effaed0a1a3cfa8f570a9b055fd5/1450115890837" , "http://dbpedia.org/resource/Budapest" , "Budapest" , "47.4925" , "19.0514" , "37" ,
 "http://data.open.ac.uk/led/performance/44652993b327673b1a2ee52c3ed71265/1450115777833" , "http://dbpedia.org/resource/Budapest" , "Budapest" , "47.4925" , "19.0514" , "37" ,
 "http://data.open.ac.uk/led/performance/a2f808124b4488501884a8ebca88d56f/1450117568743" , "http://dbpedia.org/resource/Budapest" , "Budapest" , "47.4925" , "19.0514" , "38" ,
 "http://data.open.ac.uk/led/performance/a1d8effaed0a1a3cfa8f570a9b055fd5/1450115890837" , "http://dbpedia.org/resource/Budapest" , "Budapest" , "47.4925" , "19.0514" , "37" ,
 "http://data.open.ac.uk/led/performance/44652993b327673b1a2ee52c3ed71265/1450115777833" , "http://dbpedia.org/resource/Budapest" , "Budapest" , "47.4925" , "19.0514" , "37" ,
 "http://data.open.ac.uk/led/performance/b55dc2e687b71c9d9570e6d7d0430d45/1477516068662" , "http://dbpedia.org/resource/Salzburg" , "Salzburg" , "47.8" , "13.0333" , "37" ,
 "http://data.open.ac.uk/led/performance/http://data.open.ac.uk/led/music/Masses+and+Mozart+operas+in+Salzburg/1409766031751/1409766031757" , "http://dbpedia.org/resource/Salzburg" , "Salzburg" , "47.8" , "13.0333" , "32" ,
 "http://data.open.ac.uk/led/performance/81969456cbe6b0118e815ac7cdf79c24/1447600180406" , "http://dbpedia.org/resource/Holland_Park" , "Holland Park" , "51.5028" , "-0.2038" , "33" ,
 "http://data.open.ac.uk/led/performance/586e5ef1386674d6c5cad4118318e22f/1447600042231" , "http://dbpedia.org/resource/Holland_Park" , "Holland Park" , "51.5028" , "-0.2038" , "33" ,
 "http://data.open.ac.uk/led/performance/pasodoble+(,+performance+of)/1404405074711" , "http://dbpedia.org/resource/Zamora,_Spain" , "Zamora, Spain" , "41.4989" , "-5.75556" , "35" ,
 "http://data.open.ac.uk/led/performance/Vienna+Woods+(,+performance+of)/1404227361012" , "http://dbpedia.org/resource/Zamora,_Spain" , "Zamora, Spain" , "41.4989" , "-5.75556" , "35" ,
 "http://data.open.ac.uk/led/performance/fb5373bfb2e64f0b6cb9052078e435ce/1446381657673" , "http://dbpedia.org/resource/Glyndebourne_Festival_Opera" , "Glyndebourne Festival Opera" , "50.8783" , "0.0638889" , "34" ,
 "http://data.open.ac.uk/led/performance/becb03a26e42225d6066ad1e5dcb8039/1450113975889" , "http://dbpedia.org/resource/Serbia" , "Serbia" , "44.8" , "20.4667" , "35" ,
 "http://data.open.ac.uk/led/performance/becb03a26e42225d6066ad1e5dcb8039/1450113975889" , "http://dbpedia.org/resource/Serbia" , "Serbia" , "44.8" , "20.4667" , "35" ,
 "http://data.open.ac.uk/led/performance/becb03a26e42225d6066ad1e5dcb8039/1450113975889" , "http://dbpedia.org/resource/Serbia" , "Serbia" , "44.8" , "21.0" , "35" ,
 "http://data.open.ac.uk/led/performance/becb03a26e42225d6066ad1e5dcb8039/1450113975889" , "http://dbpedia.org/resource/Serbia" , "Serbia" , "44.8" , "21.0" , "35" ,
 "http://data.open.ac.uk/led/performance/becb03a26e42225d6066ad1e5dcb8039/1450113975889" , "http://dbpedia.org/resource/Serbia" , "Serbia" , "44.0" , "20.4667" , "35" ,
 "http://data.open.ac.uk/led/performance/becb03a26e42225d6066ad1e5dcb8039/1450113975889" , "http://dbpedia.org/resource/Serbia" , "Serbia" , "44.0" , "20.4667" , "35" ,
 "http://data.open.ac.uk/led/performance/becb03a26e42225d6066ad1e5dcb8039/1450113975889" , "http://dbpedia.org/resource/Serbia" , "Serbia" , "44.0" , "21.0" , "35" ,
 "http://data.open.ac.uk/led/performance/becb03a26e42225d6066ad1e5dcb8039/1450113975889" , "http://dbpedia.org/resource/Serbia" , "Serbia" , "44.0" , "21.0" , "35" ,
 "http://data.open.ac.uk/led/performance/http://data.open.ac.uk/led/music/'The+Bells'+op.+35/1427035548812/1427035548825" , "http://dbpedia.org/resource/Sheffield" , "Sheffield" , "53.3808" , "-1.47028" , "36" ,
 "http://data.open.ac.uk/led/performance/http://data.open.ac.uk/led/music/Piano+Concerto+No.+2+in+C+minor,+op.+18/1427035653109/1427035653122" , "http://dbpedia.org/resource/Sheffield" , "Sheffield" , "53.3808" , "-1.47028" , "36" ,
 "http://data.open.ac.uk/led/performance/http://data.open.ac.uk/led/music/Magnificat+in+D,+BWV+243+arr.+Henry+Wood/1427035171083/1427035171096" , "http://dbpedia.org/resource/Sheffield" , "Sheffield" , "53.3808" , "-1.47028" , "36" ,
 "http://data.open.ac.uk/led/performance/http://data.open.ac.uk/led/music/'The+Bells'+op.+35/1427035548812/1427035548825" , "http://dbpedia.org/resource/Sheffield" , "Sheffield" , "53.3808" , "-1.47028" , "36" ,
 "http://data.open.ac.uk/led/performance/http://data.open.ac.uk/led/music/Piano+Concerto+No.+2+in+C+minor,+op.+18/1427035653109/1427035653122" , "http://dbpedia.org/resource/Sheffield" , "Sheffield" , "53.3808" , "-1.47028" , "36" ,
 "http://data.open.ac.uk/led/performance/http://data.open.ac.uk/led/music/Magnificat+in+D,+BWV+243+arr.+Henry+Wood/1427035171083/1427035171096" , "http://dbpedia.org/resource/Sheffield" , "Sheffield" , "53.3808" , "-1.47028" , "36" ,
 "http://data.open.ac.uk/led/performance/http://data.open.ac.uk/led/music/'Der+Ring+des+Nibelungen'/1429014682493/1429014682505" , "http://dbpedia.org/resource/Covent_Garden" , "Covent Garden" , "51.5125" , "-0.1225" , "36" ,
 "http://data.open.ac.uk/led/performance/1ceb981c07cba5ae0ae0bcfc7eb2bca4/1448908678217" , "http://dbpedia.org/resource/Covent_Garden" , "Covent Garden" , "51.5125" , "-0.1225" , "37" ,
 "http://data.open.ac.uk/led/performance/http://data.open.ac.uk/led/music/'Salome'/1429096331939/1429096331944" , "http://dbpedia.org/resource/Covent_Garden" , "Covent Garden" , "51.5125" , "-0.1225" , "37" ,
 "http://data.open.ac.uk/led/performance/Ariadne+auf+Naxos+(,+performance+of)/1393946663315" , "http://dbpedia.org/resource/Covent_Garden" , "Covent Garden" , "51.5125" , "-0.1225" , "36" ,
 "http://data.open.ac.uk/led/performance/Die+Zauberfl%C3%B6te+(,+performance+of)/1393948552025" , "http://dbpedia.org/resource/Covent_Garden" , "Covent Garden" , "51.5125" , "-0.1225" , "38" ,
 "http://data.open.ac.uk/led/performance/http://data.open.ac.uk/led/music/'Der+Ring+des+Nibelungen'/1429097025413/1429097025417" , "http://dbpedia.org/resource/Covent_Garden" , "Covent Garden" , "51.5125" , "-0.1225" , "37" ,
 "http://data.open.ac.uk/led/performance/http://data.open.ac.uk/led/music/'Lorna+Doone'/1426873561239/1426873561255" , "http://dbpedia.org/resource/Ealing_Studios" , "Ealing Studios" , "51.509" , "-0.307258" , "34" ,
 "http://data.open.ac.uk/led/performance/http://data.open.ac.uk/led/music/Sea+Drift/1414582423086/1414582423099" , "http://dbpedia.org/resource/Queen's_Hall" , "Queen's Hall" , "51.5181" , "-0.1425" , "33" ,
 "http://data.open.ac.uk/led/performance/http://data.open.ac.uk/led/music/Piano+Concerto/1414582264489/1414582264501" , "http://dbpedia.org/resource/Queen's_Hall" , "Queen's Hall" , "51.5181" , "-0.1425" , "33" ,
 "http://data.open.ac.uk/led/performance/http://data.open.ac.uk/led/music/Die+Fledermaus/1396616140352/1414585147020" , "http://dbpedia.org/resource/Vienna" , "Vienna" , "48.2" , "16.3667" , "34" ,
 "http://data.open.ac.uk/led/performance/http://data.open.ac.uk/led/music/Die+Fledermaus/1396616140352/1414585147020" , "http://dbpedia.org/resource/Vienna" , "Vienna" , "48.2" , "16.3667" , "34" ,
 "http://data.open.ac.uk/led/performance/http://data.open.ac.uk/led/music/Viola+Concerto/1422901793319/1424423200868" , "http://dbpedia.org/resource/Edinburg,_Virginia" , "Edinburg, Virginia" , "38.8225" , "-78.5653" , "32" ,
 "http://data.open.ac.uk/led/performance/spiritual+airs+(,+performance+of)/1404226653275" , "http://dbpedia.org/resource/Worthing" , "Worthing" , "50.8147" , "-0.371386" , "34" ,
 "http://data.open.ac.uk/led/performance/c138e6967b640db1f4a4046489c57b2b/1448984450210" , "http://dbpedia.org/resource/Pasadena,_California" , "Pasadena, California" , "34.1561" , "-118.132" , "36" ,
 "http://data.open.ac.uk/led/performance/http://data.open.ac.uk/led/music/Concerto+no.+1+in+F+minor,+op.+73/1422199913719/1422200640521" , "http://dbpedia.org/resource/New_Cross" , "New Cross" , "51.4709" , "-0.0337" , "33" ,
 "http://data.open.ac.uk/led/performance/d45fee1e8db2858c72a8978bebaf7ed3/1446754825128" , "http://dbpedia.org/resource/Chelmsford" , "Chelmsford" , "51.73" , "0.48" , "35" ,
 "http://data.open.ac.uk/led/performance/39d3a6d748bf11ca041d4ffcaefb733e/1446403434178" , "http://dbpedia.org/resource/Chelmsford" , "Chelmsford" , "51.73" , "0.48" , "35" ,
 "http://data.open.ac.uk/led/performance/http://data.open.ac.uk/led/performance/Die+Zauberfl%25C3%25B6te+(,+performance+of)/1393498367794/1414585133637" , "http://dbpedia.org/resource/Basel" , "Basel" , "47.5547" , "7.59056" , "34" ,
 "http://data.open.ac.uk/led/performance/99fe88e5b3c0129447d0af7109ed1db3/1450116247853" , "http://dbpedia.org/resource/Basel" , "Basel" , "47.5547" , "7.59056" , "38" ,
 "http://data.open.ac.uk/led/performance/99fe88e5b3c0129447d0af7109ed1db3/1450117304639" , "http://dbpedia.org/resource/Basel" , "Basel" , "47.5547" , "7.59056" , "38" ,
 "http://data.open.ac.uk/led/performance/http://data.open.ac.uk/led/performance/Die+Zauberfl%25C3%25B6te+(,+performance+of)/1393498367794/1414585133637" , "http://dbpedia.org/resource/Basel" , "Basel" , "47.5547" , "7.59056" , "34" ,
 "http://data.open.ac.uk/led/performance/99fe88e5b3c0129447d0af7109ed1db3/1450116247853" , "http://dbpedia.org/resource/Basel" , "Basel" , "47.5547" , "7.59056" , "38" ,
 "http://data.open.ac.uk/led/performance/99fe88e5b3c0129447d0af7109ed1db3/1450117304639" , "http://dbpedia.org/resource/Basel" , "Basel" , "47.5547" , "7.59056" , "38" ,
 "http://data.open.ac.uk/led/performance/fandango+(,+performance+of)/1404493541742" , "http://dbpedia.org/resource/Province_of_Zamora" , "Province of Zamora" , "41.75" , "-6.0" , "35" ,
 "http://data.open.ac.uk/led/performance/Irish+reel+(,+performance+of)/1404493523476" , "http://dbpedia.org/resource/Province_of_Zamora" , "Province of Zamora" , "41.75" , "-6.0" , "35" ,
 "http://data.open.ac.uk/led/performance/Spanish+folk+songs+(,+performance+of)/1404493556208" , "http://dbpedia.org/resource/Province_of_Zamora" , "Province of Zamora" , "41.75" , "-6.0" , "35" ,
 "http://data.open.ac.uk/led/performance/6c8c03648b20d54c649bfbd67b98a8c8/1448985066958" , "http://dbpedia.org/resource/Denver" , "Denver" , "39.7392" , "-104.985" , "37" ,
 "http://data.open.ac.uk/led/performance/b66996e9943e61856eca92835440b0cb/1448991886231" , "http://dbpedia.org/resource/Dryburgh_Abbey" , "Dryburgh Abbey" , "55.5771" , "-2.64944" , "38" ,
 "http://data.open.ac.uk/led/performance/Bless+this+House+(,+performance+of)/1404226595826" , "http://dbpedia.org/resource/Chichester_Cathedral" , "Chichester Cathedral" , "50.8363" , "-0.7808" , "34" ,
 "http://data.open.ac.uk/led/performance/http://data.open.ac.uk/led/music/Prelude,+Fantasy+and+Chaconne/1414591018241/1414591018255" , "http://dbpedia.org/resource/Hereford" , "Hereford" , "52.056" , "-2.716" , "36" ,
 "http://data.open.ac.uk/led/performance/http://data.open.ac.uk/led/music/The+Apostles/1414590935257/1414590935270" , "http://dbpedia.org/resource/Hereford" , "Hereford" , "52.056" , "-2.716" , "36" ,
 "http://data.open.ac.uk/led/performance/http://data.open.ac.uk/led/music/Two+Preludes/1414590966082/1414590966095" , "http://dbpedia.org/resource/Hereford" , "Hereford" , "52.056" , "-2.716" , "36" ,
 "http://data.open.ac.uk/led/performance/0a4603d572055149ecf83ba7d06cecdd/1446221677195" , "http://dbpedia.org/resource/Wigmore_Hall" , "Wigmore Hall" , "51.5165" , "-0.149292" , "32" ,
 "http://data.open.ac.uk/led/performance/4b694b9f253d965c8ced7183df8d4f41/1446221539555" , "http://dbpedia.org/resource/Wigmore_Hall" , "Wigmore Hall" , "51.5165" , "-0.149292" , "32" ,
 "http://data.open.ac.uk/led/performance/b7548e915aaadf5a6f48203fd3058978/1446221632884" , "http://dbpedia.org/resource/Wigmore_Hall" , "Wigmore Hall" , "51.5165" , "-0.149292" , "32" ,
 "http://data.open.ac.uk/led/performance/processional+music+for+a+Spanish+patronal+festival+(,+performance+of)/1404493092602" , "http://dbpedia.org/resource/Toro,_Zamora" , "Toro, Zamora" , "41.5256" , "-5.39111" , "35" ,
 "http://data.open.ac.uk/led/performance/http://data.open.ac.uk/led/music/'Stormy+Weather'/1429377484433/1429377484444" , "http://dbpedia.org/resource/London_Palladium" , "London Palladium" , "51.5149" , "-0.140806" , "33" ,
