" ""lexp"" ";" ""perf"" ";" ""label"" ";" ""genre"" ";;;;;;;;;
" ""http://data.open.ac.uk/led/lexp/1438108728723"" ";" ""http://data.open.ac.uk/led/performance/f6c23aa43888ca651205d6cb67d49f73/1438108686035"" ";" ""performance of 'Piano Concerto No. 2 in F minor";" Op. 21'"" ";" ""http://data.open.ac.uk/led/music/Piano+Concerto+No.+2+in+F+minor";"+Op.+21/1438108686014"" ";;;;;;;
" ""http://data.open.ac.uk/led/lexp/1434666180871"" ";" ""http://data.open.ac.uk/led/performance/http://data.open.ac.uk/led/music/Die+Meistersinger/1431120571182/1434666075190"" ";" ""performance of 'Die Meistersinger'"" ";" ""http://data.open.ac.uk/led/music/Die+Meistersinger/1431120571182"" ";;;;;;;;;
" ""http://data.open.ac.uk/led/lexp/1434666180871"" ";" ""http://data.open.ac.uk/led/performance/http://data.open.ac.uk/led/music/Gotterdammerung/1434666123250/1434666123265"" ";" ""performance of 'Gotterdammerung'"" ";" ""http://data.open.ac.uk/led/music/G%C3%B6tterd%C3%A4mmerung/1438170959836"" ";;;;;;;;;
" ""http://data.open.ac.uk/led/lexp/1435271059314"" ";" ""http://data.open.ac.uk/led/performance/http://data.open.ac.uk/led/music/Overture+to+Die+Meistersinger+von+Nurnberg/1386684798250/1435271029812"" ";" ""performance of 'Overture to Die Meistersinger von Nurnberg'"" ";" ""http://data.open.ac.uk/led/music/Overture+to+Die+Meistersinger+von+Nurnberg/1386684798250"" ";;;;;;;;;
" ""http://data.open.ac.uk/led/lexp/1435183346237"" ";" ""http://data.open.ac.uk/led/performance/http://data.open.ac.uk/led/music/The+Messiah/1425287358074/1435183313644"" ";" ""performance of 'The Messiah'"" ";" ""http://dbpedia.org/resource/Messiah_(Handel)"" ";;;;;;;;;
" ""http://data.open.ac.uk/led/lexp/1437417851471"" ";" ""http://data.open.ac.uk/led/performance/0073f4151aec16eb0c536a6dacf1b82c/1437417809534"" ";" ""performance of 'Tristan und Isolde'"" ";" ""http://data.open.ac.uk/led/music/Tristan+und+Isolde/1387051778281"" ";;;;;;;;;
" ""http://data.open.ac.uk/led/lexp/1437922994384"" ";" ""http://data.open.ac.uk/led/performance/2115e150aeff024f5025c0b4d85f06b2/1437922971835"" ";" ""performance of 'Lyric Movement for viola and chamber orchestra'"" ";" ""http://data.open.ac.uk/led/music/Lyric+Movement+for+viola+and+chamber+orchestra/1437922971796"" ";;;;;;;;;
" ""http://data.open.ac.uk/led/lexp/1438029439337"" ";" ""http://data.open.ac.uk/led/performance/280fd46daa7749de741c61ffa2fdba40/1438029414619"" ";" ""performance of 'String Quartet in F Major'"" ";" ""http://data.open.ac.uk/led/music/String+Quartet+in+F+Major/1438029414612"" ";;;;;;;;;
" ""http://data.open.ac.uk/led/lexp/1438269214841"" ";" ""http://data.open.ac.uk/led/performance/31ae2323a2def1ec9cff31afc6d594f9/1438269180206"" ";" ""performance of 'Sc��nes pittoresques'"" ";" ""http://data.open.ac.uk/led/music/Sc%C3%A8nes+pittoresques/1438269179735"" ";;;;;;;;;
" ""http://data.open.ac.uk/led/lexp/1438170992061"" ";" ""http://data.open.ac.uk/led/performance/31c63e117a10c53295e7ee0c96ef1f38/1438170959854"" ";" ""performance of 'G��tterd��mmerung'"" ";" ""http://data.open.ac.uk/led/music/G%C3%B6tterd%C3%A4mmerung/1438170959836"" ";;;;;;;;;
" ""http://data.open.ac.uk/led/lexp/1437922749490"" ";" ""http://data.open.ac.uk/led/performance/35123f66e4f711db186dd066b141a220/1437922636100"" ";" ""performance of 'Symphonie espagnole";" Op. 21'"" ";" ""http://data.open.ac.uk/led/music/Symphonie+Espagnole/1444053450246"" ";;;;;;;;
" ""http://data.open.ac.uk/led/lexp/1437496552776"" ";" ""http://data.open.ac.uk/led/performance/3731d601df294ed5e831a0f5e8adbf28/1437496512392"" ";" ""performance of 'Sinfonietta'"" ";" ""http://data.open.ac.uk/led/music/Sinfonietta/1434898313012"" ";;;;;;;;;
" ""http://data.open.ac.uk/led/lexp/1438269214841"" ";" ""http://data.open.ac.uk/led/performance/994ef88851d9eeff0a375223747c907b/1438269150680"" ";" ""performance of 'Overture to May Night'"" ";" ""http://data.open.ac.uk/led/music/Overture+to+May+Night/1438269150664"" ";;;;;;;;;
" ""http://data.open.ac.uk/led/lexp/1438182190960"" ";" ""http://data.open.ac.uk/led/performance/ab1a086eb3ebfe8f2842329730f8dabc/1438181635881"" ";" ""performance of 'Love Duet from Tristan und Isolde'"" ";" ""http://data.open.ac.uk/led/music/Love+Duet+from+Tristan+und+Isolde/1438181635873"" ";;;;;;;;;
" ""http://data.open.ac.uk/led/lexp/1438269214841"" ";" ""http://data.open.ac.uk/led/performance/b316b5cbf847c12925241228da983002/1438269090657"" ";" ""performance of 'Pavane pour une infante d��funte'"" ";" ""http://data.open.ac.uk/led/music/Pavane+pour+une+infante+d%C3%A9funte/1438269090643"" ";;;;;;;;;
" ""http://data.open.ac.uk/led/lexp/1437417654295"" ";" ""http://data.open.ac.uk/led/performance/b70f223a349fae164c6b34bb92bba1a4/1437417623169"" ";" ""performance of 'Symphonie espagnole in D minor";" Op. 21'"" ";" ""http://data.open.ac.uk/led/music/Symphonie+Espagnole/1444053450246"" ";;;;;;;;
" ""http://data.open.ac.uk/led/lexp/1437922749490"" ";" ""http://data.open.ac.uk/led/performance/be9bc7f572631385ef79fcd8db73d7ce/1437922677926"" ";" ""performance of ''Nuages' and 'F��tes' from Nocturnes for orchestra'"" ";" ""http://data.open.ac.uk/led/music/'Nuages'+and+'F%C3%AAtes'+from+Nocturnes+for+orchestra/1437922677919"" ";;;;;;;;;
" ""http://data.open.ac.uk/led/lexp/1438253320162"" ";" ""http://data.open.ac.uk/led/performance/cf2aafe07bd4e8f50b0ab8610236628d/1438253154501"" ";" ""performance of 'Two Psalms'"" ";" ""http://data.open.ac.uk/led/music/Two+Psalms/1414586272925"" ";;;;;;;;;
" ""http://data.open.ac.uk/led/lexp/1438269214841"" ";" ""http://data.open.ac.uk/led/performance/e4495a422143183ed241abb1db7f1e35/1438269125887"" ";" ""performance of 'Capriccio Italien'"" ";" ""http://data.open.ac.uk/led/music/Capriccio+Italien/1438269125830"" ";;;;;;;;;
" ""http://data.open.ac.uk/led/lexp/1437905181574"" ";" ""http://data.open.ac.uk/led/performance/fb18dfb99818a8ebbccfd4023c522e66/1437905121908"" ";" ""performance of 'Trio No. 2 for strings'"" ";" ""http://data.open.ac.uk/led/music/Trio+No.+2+for+strings/1437905121893"" ";;;;;;;;;
" ""http://data.open.ac.uk/led/lexp/1437922167593"" ";" ""http://data.open.ac.uk/led/performance/fcb61b32b63b6f41a82213fef86c6776/1437922163428"" ";" ""performance of 'Wozzeck'"" ";" ""http://data.open.ac.uk/led/music/Wozzeck/1437922163393"" ";;;;;;;;;
" ""http://data.open.ac.uk/led/lexp/1434400346541"" ";" ""http://data.open.ac.uk/led/performance/http://data.open.ac.uk/led/music/Aus+mein+Lieben/1434400297834/1434400297880"" ";" ""performance of 'Aus mein Lieben'"" ";" ""http://data.open.ac.uk/led/music/Aus+mein+Lieben/1434400297834"" ";;;;;;;;;
" ""http://data.open.ac.uk/led/lexp/1434290365244"" ";" ""http://data.open.ac.uk/led/performance/http://data.open.ac.uk/led/music/Comedy+Overture";"+Op.+38/1434290298549/1434290298554"" ";" ""performance of 'Comedy Overture";" Op. 38'"" ";" ""http://data.open.ac.uk/led/music/Comedy+Overture";"+Op.+38/1434290298549"" ";;;;;;
" ""http://data.open.ac.uk/led/lexp/1434664044711"" ";" ""http://data.open.ac.uk/led/performance/http://data.open.ac.uk/led/music/Concertino/1434663823762/1434663823768"" ";" ""performance of 'Concertino'"" ";" ""http://data.open.ac.uk/led/music/Concertino/1434663823762"" ";;;;;;;;;
" ""http://data.open.ac.uk/led/lexp/1435272809050"" ";" ""http://data.open.ac.uk/led/performance/http://data.open.ac.uk/led/music/Daphnis+et+Chlo%25C3%25A9/1435272753222/1435272762008"" ";" ""performance of 'Daphnis et Chlo��'"" ";" ""http://data.open.ac.uk/led/music/Daphnis+et+Chlo%C3%A9/1434573836129"" ";;;;;;;;;
" ""http://data.open.ac.uk/led/lexp/1434288754271"" ";" ""http://data.open.ac.uk/led/performance/http://data.open.ac.uk/led/music/Die+Meistersinger/1431120571182/1434288734131"" ";" ""performance of 'Die Meistersinger'"" ";" ""http://data.open.ac.uk/led/music/Die+Meistersinger/1431120571182"" ";;;;;;;;;
" ""http://data.open.ac.uk/led/lexp/1434664044711"" ";" ""http://data.open.ac.uk/led/performance/http://data.open.ac.uk/led/music/Fa%25C3%25A7ade/1434663997954/1434663997961"" ";" ""performance of 'Fa��ade'"" ";" ""http://data.open.ac.uk/led/music/Fa%C3%A7ade/1437497566580"" ";;;;;;;;;
" ""http://data.open.ac.uk/led/lexp/1434664044711"" ";" ""http://data.open.ac.uk/led/performance/http://data.open.ac.uk/led/music/Four+Beggar+Songs/1434663862905/1434663862910"" ";" ""performance of 'Four Beggar Songs'"" ";" ""http://data.open.ac.uk/led/music/Four+Beggar+Songs/1434663862905"" ";;;;;;;;;
" ""http://data.open.ac.uk/led/lexp/1434400346541"" ";" ""http://data.open.ac.uk/led/performance/http://data.open.ac.uk/led/music/Idylls/1434400312365/1434400312382"" ";" ""performance of 'Idylls'"" ";" ""http://data.open.ac.uk/led/music/Idylls/1434400312365"" ";;;;;;;;;
" ""http://data.open.ac.uk/led/lexp/1435011945001"" ";" ""http://data.open.ac.uk/led/performance/http://data.open.ac.uk/led/music/Introduction+and+Allegro/1434115550162/1435011780618"" ";" ""performance of 'Introduction and Allegro'"" ";" ""http://data.open.ac.uk/led/music/Introduction+and+Allegro/1434115550162"" ";;;;;;;;;
" ""http://data.open.ac.uk/led/lexp/1435271265685"" ";" ""http://data.open.ac.uk/led/performance/http://data.open.ac.uk/led/music/Lyric+Suite/1396614255447/1435271186515"" ";" ""performance of 'Lyric Suite'"" ";" ""http://data.open.ac.uk/led/music/Lyric+Suite/1396614255447"" ";;;;;;;;;
" ""http://data.open.ac.uk/led/lexp/1434664044711"" ";" ""http://data.open.ac.uk/led/performance/http://data.open.ac.uk/led/music/Of+a+Rose+I+Sing+a+Song/1434663764748/1434663764756"" ";" ""performance of 'Of a Rose I Sing a Song'"" ";" ""http://data.open.ac.uk/led/music/Of+a+Rose+I+Sing+a+Song/1434663764748"" ";;;;;;;;;
" ""http://data.open.ac.uk/led/lexp/1434664044711"" ";" ""http://data.open.ac.uk/led/performance/http://data.open.ac.uk/led/music/Overture+on+Hebrew+Themes/1434663734063/1434663734098"" ";" ""performance of 'Overture on Hebrew Themes'"" ";" ""http://data.open.ac.uk/led/music/Overture+on+Hebrew+Themes/1434663734063"" ";;;;;;;;;
" ""http://data.open.ac.uk/led/lexp/1434288754271"" ";" ""http://data.open.ac.uk/led/performance/http://data.open.ac.uk/led/music/Scheherazade/1434288581709/1434288581721"" ";" ""performance of 'Scheherazade'"" ";" ""http://data.open.ac.uk/led/music/Scheherazade/1452276184084"" ";;;;;;;;;
" ""http://data.open.ac.uk/led/lexp/1435011945001"" ";" ""http://data.open.ac.uk/led/performance/http://data.open.ac.uk/led/music/Serenata/1435011860591/1435011860605"" ";" ""performance of 'Serenata'"" ";" ""http://data.open.ac.uk/led/music/Serenata/1435011860591"" ";;;;;;;;;
" ""http://data.open.ac.uk/led/lexp/1434402023128"" ";" ""http://data.open.ac.uk/led/performance/http://data.open.ac.uk/led/music/String+Quartet+in+G+minor/1434400666378/1434401976033"" ";" ""performance of 'String Quartet in G minor'"" ";" ""http://data.open.ac.uk/led/music/String+Quartet+in+G+minor/1434400666378"" ";;;;;;;;;
" ""http://data.open.ac.uk/led/lexp/1434402023128"" ";" ""http://data.open.ac.uk/led/performance/http://data.open.ac.uk/led/music/String+Quartet+No.+14+in+D+minor";+'Death+and+the+Maiden';"+D810/1434401820915/1434401820926"" ";" ""performance of 'String Quartet No. 14 in D minor"; 'Death and the Maiden';" D810'"" ";" ""http://data.open.ac.uk/led/music/String+Quartet+No.+14+in+D+minor";+'Death+and+the+Maiden';"+D810/1434401820915"" ";;;
" ""http://data.open.ac.uk/led/lexp/1434920067972"" ";" ""http://data.open.ac.uk/led/performance/http://data.open.ac.uk/led/music/Symphony+Espagnol/1434919970271/1434919970278"" ";" ""performance of 'Symphony Espagnol'"" ";" ""http://data.open.ac.uk/led/music/Symphonie+Espagnole/1444053450246"" ";;;;;;;;;
" ""http://data.open.ac.uk/led/lexp/1435011945001"" ";" ""http://data.open.ac.uk/led/performance/http://data.open.ac.uk/led/music/Symphony+No.+2/1435011903568/1435011903585"" ";" ""performance of 'Symphony No. 2'"" ";" ""http://data.open.ac.uk/led/music/Symphony+No.+2/1435011903568"" ";;;;;;;;;
" ""http://data.open.ac.uk/led/lexp/1434485556862"" ";" ""http://data.open.ac.uk/led/performance/http://data.open.ac.uk/led/music/Tannhauser/1434485553426/1434485553445"" ";" ""performance of 'Tannhauser'"" ";" ""http://data.open.ac.uk/led/music/Tannhauser/1434485553426"" ";;;;;;;;;
" ""http://data.open.ac.uk/led/lexp/1434484428821"" ";" ""http://data.open.ac.uk/led/performance/http://data.open.ac.uk/led/music/Tristan+und+Isolde/1387051778281/1434484425375"" ";" ""performance of 'Tristan und Isolde'"" ";" ""http://data.open.ac.uk/led/music/Tristan+und+Isolde/1387051778281"" ";;;;;;;;;
" ""http://data.open.ac.uk/led/lexp/1434290365244"" ";" ""http://data.open.ac.uk/led/performance/http://data.open.ac.uk/led/music/Turandot+-+Orchestral+Suite+from+the+Music+to+Gozzi's+Drama";"+Op.+41/1434290360460/1434290360466"" ";" ""performance of 'Turandot - Orchestral Suite from the Music to Gozzi's Drama";" Op. 41'"" ";" ""http://data.open.ac.uk/led/music/Turandot+-+Orchestral+Suite+from+the+Music+to+Gozzi's+Drama";"+Op.+41/1434290360460"" ";;;;;;
" ""http://data.open.ac.uk/led/lexp/1434482535190"" ";" ""http://data.open.ac.uk/led/performance/http://data.open.ac.uk/led/music/unspecified+Beethoven+concerto/1434482532545/1434482532550"" ";" ""performance of 'unspecified Beethoven concerto'"" ";" ""http://data.open.ac.uk/led/music/unspecified+Beethoven+concerto/1434482532545"" ";;;;;;;;;
" ""http://data.open.ac.uk/led/lexp/1435272809050"" ";" ""http://data.open.ac.uk/led/performance/http://data.open.ac.uk/led/music/unspecified+Liszt+Piano+Concerto/1435272736425/1435272736437"" ";" ""performance of 'unspecified Liszt Piano Concerto'"" ";" ""http://data.open.ac.uk/led/music/unspecified+Liszt+Piano+Concerto/1435272736425"" ";;;;;;;;;
" ""http://data.open.ac.uk/led/lexp/1434400346541"" ";" ""http://data.open.ac.uk/led/performance/http://data.open.ac.uk/led/music/Variations+and+Fugue+on+a+Theme+of+Handel";"+Op.+24/1434400341914/1434400342251"" ";" ""performance of 'Variations and Fugue on a Theme of Handel";" Op. 24'"" ";" ""http://data.open.ac.uk/led/music/Variations+and+Fugue+on+a+Theme+of+Handel";"+Op.+24/1434400341914"" ";;;;;;
" ""http://data.open.ac.uk/led/lexp/1434290365244"" ";" ""http://data.open.ac.uk/led/performance/http://data.open.ac.uk/led/music/Violin+Concerto+in+D";"+Op.+35a/1434290324989/1434290325001"" ";" ""performance of 'Violin Concerto in D";" Op. 35a'"" ";" ""http://data.open.ac.uk/led/music/Violin+Concerto+in+D";"+Op.+35a/1434290324989"" ";;;;;;
" ""http://data.open.ac.uk/led/lexp/1435011945001"" ";" ""http://data.open.ac.uk/led/performance/http://dbpedia.org/resource/Enigma_Variations/1435011879382"" ";" ""performance of 'Enigma Variations'"" ";" ""http://dbpedia.org/resource/Enigma_Variations"" ";;;;;;;;;
" ""http://data.open.ac.uk/led/lexp/1438170702712"" ";" ""http://data.open.ac.uk/led/performance/2468cbecac59623a9111851622518477/1438170556810"" ";" ""performance of 'Concerto Grosso'"" ";" ""http://data.open.ac.uk/led/music/Concerto+Grosso/1396369509803"" ";;;;;;;;;
" ""http://data.open.ac.uk/led/lexp/1438163755120"" ";" ""http://data.open.ac.uk/led/performance/c1bf8d3f8f617eb9157785e8a34c0525/1438163712891"" ";" ""performance of 'String Quartet No. 3 in C";" Op. 16'"" ";" ""http://data.open.ac.uk/led/music/String+Quartet+No.+3+in+C";"+Op.+16/1438163712884"" ";;;;;;;
" ""http://data.open.ac.uk/led/lexp/1438253509916"" ";" ""http://data.open.ac.uk/led/performance/e2dff396d27742db928cfebdb923ebf6/1438253479085"" ";" ""performance of 'Die Fledermaus'"" ";" ""http://data.open.ac.uk/led/music/Die+Fledermaus/1396616140352"" ";;;;;;;;;
" ""http://data.open.ac.uk/led/lexp/1438252953974"" ";" ""http://data.open.ac.uk/led/performance/f988bb2592578a049d36d3f436d3407d/1438252908334"" ";" ""performance of 'A Christmas Dance: Sir Roger de Coverley'"" ";" ""http://data.open.ac.uk/led/music/A+Christmas+Dance:+Sir+Roger+de+Coverley/1438252908314"" ";;;;;;;;;
" ""http://data.open.ac.uk/led/lexp/1438108600689"" ";" ""http://data.open.ac.uk/led/performance/16f13df86c46785629ba86aa9bd08b41/1438108572885"" ";" ""performance of 'Hansel und Gretel'"" ";" ""http://data.open.ac.uk/led/music/Hansel+und+Gretel/1438108572879"" ";;;;;;;;;
" ""http://data.open.ac.uk/led/lexp/1437905418585"" ";" ""http://data.open.ac.uk/led/performance/3b9fa591e25f7f7cb971d3f6fb4b4bd9/1437905331869"" ";" ""performance of 'Suite in D major'"" ";" ""http://data.open.ac.uk/led/music/Suite+in+D+major/1437905331863"" ";;;;;;;;;
" ""http://data.open.ac.uk/led/lexp/1438164230059"" ";" ""http://data.open.ac.uk/led/performance/5dcfd05b8e0071a0ef96eae9278c072e/1438164111104"" ";" ""performance of 'Leonora Overture No. 3'"" ";" ""http://data.open.ac.uk/led/music/Leonora+Overture+No.+3/1434898684124"" ";;;;;;;;;
" ""http://data.open.ac.uk/led/lexp/1438252953974"" ";" ""http://data.open.ac.uk/led/performance/6309c7487c2a452d8d260c19f0260b43/1438252848724"" ";" ""performance of 'Suite from The Nutcracker";" Op. 71a'"" ";" ""http://data.open.ac.uk/led/music/Suite+from+The+Nutcracker";"+Op.+71a/1438252848710"" ";;;;;;;
" ""http://data.open.ac.uk/led/lexp/1437900926542"" ";" ""http://data.open.ac.uk/led/performance/69a402571c37377893d7d68dc3c52155/1437900896674"" ";" ""performance of 'Violin Concerto'"" ";" ""http://data.open.ac.uk/led/music/Violin+Concerto/1431978583861"" ";;;;;;;;;
" ""http://data.open.ac.uk/led/lexp/1437337872312"" ";" ""http://data.open.ac.uk/led/performance/833e4e0749cab1cf343246aa015ebd21/1437337775027"" ";" ""performance of 'Lyric Poem'"" ";" ""http://data.open.ac.uk/led/music/Lyric+Poem/1437337775019"" ";;;;;;;;;
" ""http://data.open.ac.uk/led/lexp/1437905418585"" ";" ""http://data.open.ac.uk/led/performance/897a61ca148de3ec5a1e555e726358c4/1437905387542"" ";" ""performance of 'Symphony No. 4'"" ";" ""http://data.open.ac.uk/led/music/Symphony+No.+4/1437905387528"" ";;;;;;;;;
" ""http://data.open.ac.uk/led/lexp/1438268018407"" ";" ""http://data.open.ac.uk/led/performance/8a8517f8d3b085b013b74eef25ed2966/1438267899566"" ";" ""performance of 'Symphony No. 99 in E flat (Hob.I:99)'"" ";" ""http://data.open.ac.uk/led/music/Symphony+No.+99+in+E+flat+(Hob.I:99)/1438267899554"" ";;;;;;;;;
" ""http://data.open.ac.uk/led/lexp/1438165723146"" ";" ""http://data.open.ac.uk/led/performance/a22a6e6c509296be170f6b015dd302b9/1438165676635"" ";" ""performance of 'Oedipus Rex'"" ";" ""http://data.open.ac.uk/led/music/Oedipus+Rex/1435268502340"" ";;;;;;;;;
" ""http://data.open.ac.uk/led/lexp/1437905418585"" ";" ""http://data.open.ac.uk/led/performance/b3ce5a194f8f4b6bfa7145ed7d699b6f/1437905408464"" ";" ""performance of 'Symphony No. 7'"" ";" ""http://data.open.ac.uk/led/music/Symphony+No.+7/1434116639759"" ";;;;;;;;;
" ""http://data.open.ac.uk/led/lexp/1438271719738"" ";" ""http://data.open.ac.uk/led/performance/b50352acf941c506b09026fd60cda250/1438271696827"" ";" ""performance of 'Pell��as et M��lisande'"" ";" ""http://dbpedia.org/resource/Pell%C3%A9as_et_M%C3%A9lisande_(opera)"" ";;;;;;;;;
" ""http://data.open.ac.uk/led/lexp/1438252953974"" ";" ""http://data.open.ac.uk/led/performance/b7848092bc0dc8cb816bcff1d5fb4196/1438252866632"" ";" ""performance of 'Ouverture de f��te'"" ";" ""http://data.open.ac.uk/led/music/Ouverture+de+f%C3%AAte/1438252866606"" ";;;;;;;;;
" ""http://data.open.ac.uk/led/lexp/1437907204236"" ";" ""http://data.open.ac.uk/led/performance/cdd85c74315966e1e05dfd015f83a24e/1437907175099"" ";" ""performance of 'unspecified solos'"" ";" ""http://data.open.ac.uk/led/music/unspecified+solos/1437907175085"" ";;;;;;;;;
" ""http://data.open.ac.uk/led/lexp/1438030815557"" ";" ""http://data.open.ac.uk/led/performance/f95c5a77b69a2df61f06cc321cbcbe34/1438030786074"" ";" ""performance of 'unspecified Tchaikovsky piano concerto'"" ";" ""http://data.open.ac.uk/led/music/unspecified+Tchaikovsky+piano+concerto/1438030786066"" ";;;;;;;;;
" ""http://data.open.ac.uk/led/lexp/1434897452740"" ";" ""http://data.open.ac.uk/led/performance/http://data.open.ac.uk/led/music/Concerto+for+Violin";#NOME?;"+and+Orchestra/1434897367599/1434897367608"" ";" ""performance of 'Concerto for Violin"; Horn;" and Orchestra'"" ";" ""http://data.open.ac.uk/led/music/Concerto+for+Violin";#NOME?;"+and+Orchestra/1434897367599"" ";;;
" ""http://data.open.ac.uk/led/lexp/1434901706632"" ";" ""http://data.open.ac.uk/led/performance/http://data.open.ac.uk/led/music/Three+Idylls+for+string+quartet/1434901671407/1434901671414"" ";" ""performance of 'Three Idylls for string quartet'"" ";" ""http://data.open.ac.uk/led/music/Three+Idylls+for+string+quartet/1434901671407"" ";;;;;;;;;
" ""http://data.open.ac.uk/led/lexp/1437498549508"" ";" ""http://data.open.ac.uk/led/performance/08b79d23c330325b351ab7905d4d2269/1437498479797"" ";" ""performance of 'Love is a Sickness'"" ";" ""http://data.open.ac.uk/led/music/Love+is+a+Sickness/1437498479783"" ";;;;;;;;;
" ""http://data.open.ac.uk/led/lexp/1438164511592"" ";" ""http://data.open.ac.uk/led/performance/2968780872523a0e69f9670c0dadbb06/1438164484283"" ";" ""performance of 'La Valse'"" ";" ""http://data.open.ac.uk/led/music/La+Valse/1396014413094"" ";;;;;;;;;
" ""http://data.open.ac.uk/led/lexp/1438171823236"" ";" ""http://data.open.ac.uk/led/performance/3436dda5f77154af6495602a20063b66/1438171772799"" ";" ""performance of 'Three Wozzeck Fragments'"" ";" ""http://data.open.ac.uk/led/music/Three+Wozzeck+Fragments/1438171772785"" ";;;;;;;;;
" ""http://data.open.ac.uk/led/lexp/1438107735863"" ";" ""http://data.open.ac.uk/led/performance/54934a352b3a888c30cbb7f23bf59632/1438107729111"" ";" ""performance of 'Don Quixote'"" ";" ""http://data.open.ac.uk/led/music/Don+Quixote";"+Op.+35/1438175383482"" ";;;;;;;;
" ""http://data.open.ac.uk/led/lexp/1438171411810"" ";" ""http://data.open.ac.uk/led/performance/5893778d500a6d53373d94aaabdae5a7/1438171380848"" ";" ""performance of 'Song of the Rhinemaidens'"" ";" ""http://data.open.ac.uk/led/music/Song+of+the+Rhinemaidens/1438171380838"" ";;;;;;;;;
" ""http://data.open.ac.uk/led/lexp/1438268018407"" ";" ""http://data.open.ac.uk/led/performance/74a578db9c763cf830525eae55c83089/1438267940142"" ";" ""performance of 'Enter Spring";" Rhapsody for orchestra'"" ";" ""http://data.open.ac.uk/led/music/Enter+Spring";"+Rhapsody+for+orchestra/1394818570697"" ";;;;;;;
" ""http://data.open.ac.uk/led/lexp/1438268018407"" ";" ""http://data.open.ac.uk/led/performance/8605b3760edb67b3763246acfb66788d/1438267967813"" ";" ""performance of ''Wedding march' from Act III of Le Coq d'Or'"" ";" ""http://data.open.ac.uk/led/music/'Wedding+march'+from+Act+III+of+Le+Coq+d'Or/1438267967777"" ";;;;;;;;;
" ""http://data.open.ac.uk/led/lexp/1438267620158"" ";" ""http://data.open.ac.uk/led/performance/96f79f73de1e4ca33acd1d68ecd6ea95/1438267579601"" ";" ""performance of 'Violin Sonata'"" ";" ""http://data.open.ac.uk/led/music/Violin+Sonata/1435273223936"" ";;;;;;;;;
" ""http://data.open.ac.uk/led/lexp/1438267320754"" ";" ""http://data.open.ac.uk/led/performance/a1eb228ffbea4e19193a7afcfce93bdd/1438267287148"" ";" ""performance of 'Dance Symphony'"" ";" ""http://data.open.ac.uk/led/music/Dance+Symphony/1438267287113"" ";;;;;;;;;
" ""http://data.open.ac.uk/led/lexp/1438170702712"" ";" ""http://data.open.ac.uk/led/performance/da4c24d5eaf49191967789129fd690c0/1438170491853"" ";" ""performance of 'Concerto for piano and strings'"" ";" ""http://data.open.ac.uk/led/music/Concerto+for+piano+and+strings/1438170491829"" ";;;;;;;;;
" ""http://data.open.ac.uk/led/lexp/1438165723146"" ";" ""http://data.open.ac.uk/led/performance/f8a10470ec3e65ca45521a593cbb7034/1438165699653"" ";" ""performance of 'El Amor Brujo (1914���15)'"" ";" ""http://data.open.ac.uk/led/music/El+Amor+Brujo+(1914%E2%80%9315)/1408438408230"" ";;;;;;;;;
" ""http://data.open.ac.uk/led/lexp/1438164511592"" ";" ""http://data.open.ac.uk/led/performance/fa3a406d5b66c6a3526df35782064fed/1438164415817"" ";" ""performance of 'Fantasie'"" ";" ""http://data.open.ac.uk/led/music/Fantasie/1438164415798"" ";;;;;;;;;
" ""http://data.open.ac.uk/led/lexp/1435095782484"" ";" ""http://data.open.ac.uk/led/performance/http://data.open.ac.uk/led/music/Falstaff";"+Op+68/1435095735587/1435095735598"" ";" ""performance of 'Falstaff";" Op 68'"" ";" ""http://data.open.ac.uk/led/music/Falstaff";"+Op+68/1435095735587"" ";;;;;;
" ""http://data.open.ac.uk/led/lexp/1434483934932"" ";" ""http://data.open.ac.uk/led/performance/http://data.open.ac.uk/led/music/Jesu+meine+Freude+BWV+227/1434483901909/1434483901965"" ";" ""performance of 'Jesu meine Freude BWV 227'"" ";" ""http://data.open.ac.uk/led/music/Jesu+meine+Freude+BWV+227/1434483901909"" ";;;;;;;;;
" ""http://data.open.ac.uk/led/lexp/1434401354258"" ";" ""http://data.open.ac.uk/led/performance/http://data.open.ac.uk/led/music/Rhapsody";#NOME?;"+for+piano+and+orchestra/1434401349963/1434401349975"" ";" ""performance of 'Rhapsody"; Op. 1;" for piano and orchestra'"" ";" ""http://data.open.ac.uk/led/music/Rhapsody";#NOME?;"+for+piano+and+orchestra/1434401349963"" ";;;
" ""http://data.open.ac.uk/led/lexp/1435518747421"" ";" ""http://data.open.ac.uk/led/performance/http://data.open.ac.uk/led/music/String+Quartet+in+C+minor";#NOME?;"+No.+1/1435518653390/1435518653395"" ";" ""performance of 'String Quartet in C minor"; Op. 51;" No. 1'"" ";" ""http://data.open.ac.uk/led/music/String+Quartet+in+C+minor";#NOME?;"+No.+1/1435518653390"" ";;;
" ""http://data.open.ac.uk/led/lexp/1435518747421"" ";" ""http://data.open.ac.uk/led/performance/http://data.open.ac.uk/led/music/String+Quartet+No.+23+in+F+major";"+K.590/1435518686558/1435518686576"" ";" ""performance of 'String Quartet No. 23 in F major";" K.590'"" ";" ""http://data.open.ac.uk/led/music/String+Quartet+No.+23+in+F+major";"+K.590/1435518686558"" ";;;;;;
" ""http://data.open.ac.uk/led/lexp/1435325790866"" ";" ""http://data.open.ac.uk/led/performance/http://data.open.ac.uk/led/music/Symphony+No.+103+'Drumroll'/1435325692628/1435325692633"" ";" ""performance of 'Symphony No. 103 'Drumroll''"" ";" ""http://data.open.ac.uk/led/music/Symphony+No.+103+'Drumroll'/1435325692628"" ";;;;;;;;;
" ""http://data.open.ac.uk/led/lexp/1435097046515"" ";" ""http://data.open.ac.uk/led/performance/http://data.open.ac.uk/led/music/unspecified+aria/1435096899392/1435096899422"" ";" ""performance of 'unspecified aria'"" ";" ""http://data.open.ac.uk/led/music/unspecified+aria/1435096899392"" ";;;;;;;;;
" ""http://data.open.ac.uk/led/lexp/1438184816876"" ";" ""http://data.open.ac.uk/led/performance/18ad644e2a4c7e72466fffda2593ddf3/1438184786153"" ";" ""performance of 'unspecified choral music'"" ";" ""http://data.open.ac.uk/led/music/unspecified+choral+music/1438184786147"" ";;;;;;;;;
" ""http://data.open.ac.uk/led/lexp/1438184447043"" ";" ""http://data.open.ac.uk/led/performance/207d616fd0a73a44e4edfec55df39c2b/1438184418189"" ";" ""performance of 'Piano Concerto'"" ";" ""http://data.open.ac.uk/led/music/Corsair+Overture/1438184402679"" ";;;;;;;;;
" ""http://data.open.ac.uk/led/lexp/1438170702712"" ";" ""http://data.open.ac.uk/led/performance/20d5f696116a2e6656aeae0d0e0de2c6/1438170601420"" ";" ""performance of 'Duo from Jeux d'infants";" Op. 22'"" ";" ""http://data.open.ac.uk/led/music/Duo+from+Jeux+d'infants";"+Op.+22/1438170601409"" ";;;;;;;
" ""http://data.open.ac.uk/led/lexp/1438108440241"" ";" ""http://data.open.ac.uk/led/performance/311035d626d1c3a9b049e57ee2bf159d/1438108416709"" ";" ""performance of 'Prelude from Parsifal'"" ";" ""http://data.open.ac.uk/led/music/Prelude+from+Parsifal/1438108416691"" ";;;;;;;;;
" ""http://data.open.ac.uk/led/lexp/1438164511592"" ";" ""http://data.open.ac.uk/led/performance/348224346ba6ffd54f8836822a84c4be/1438164469553"" ";" ""performance of 'Pr��lude �� L'apr��s-midi d'un faune'"" ";" ""http://data.open.ac.uk/led/music/Prelude+a+l'apres-midi+d'un+faune/1434402452751"" ";;;;;;;;;
" ""http://data.open.ac.uk/led/lexp/1438171823236"" ";" ""http://data.open.ac.uk/led/performance/40e07f694410f83a4e106fd627122c96/1438171753205"" ";" ""performance of 'La Mer'"" ";" ""http://data.open.ac.uk/led/music/La+Mer/1438163832672"" ";;;;;;;;;
" ""http://data.open.ac.uk/led/lexp/1438185407363"" ";" ""http://data.open.ac.uk/led/performance/4c4e2784e18cbd856ace244d6d767931/1438185381738"" ";" ""performance of 'Piano Concerto No. 3'"" ";" ""http://data.open.ac.uk/led/music/Piano+Concerto+No.+3/1437901060457"" ";;;;;;;;;
" ""http://data.open.ac.uk/led/lexp/1437907204236"" ";" ""http://data.open.ac.uk/led/performance/6d8db7cfb4188c61982fdcfea37502ad/1437907145131"" ";" ""performance of 'Sonata in F major'"" ";" ""http://data.open.ac.uk/led/music/Sonata+in+F+major/1386670901668"" ";;;;;;;;;
" ""http://data.open.ac.uk/led/lexp/1438170702712"" ";" ""http://data.open.ac.uk/led/performance/7a4dca42392427674cc7fd823a2470c6/1438170463552"" ";" ""performance of 'Suite for strings'"" ";" ""http://data.open.ac.uk/led/music/Suite+for+strings/1438170463542"" ";;;;;;;;;
" ""http://data.open.ac.uk/led/lexp/1438267320754"" ";" ""http://data.open.ac.uk/led/performance/7c594d3a7ec957504f46eed5f012eb25/1438267266731"" ";" ""performance of 'Second Rhapsody'"" ";" ""http://data.open.ac.uk/led/music/Second+Rhapsody/1438267266709"" ";;;;;;;;;
" ""http://data.open.ac.uk/led/lexp/1438252953974"" ";" ""http://data.open.ac.uk/led/performance/8fa65f26a7dd238e9c8821b0cfdc2abb/1438252820046"" ";" ""performance of 'Overture di Ballo'"" ";" ""http://data.open.ac.uk/led/music/Overture+di+Ballo/1438252820039"" ";;;;;;;;;
" ""http://data.open.ac.uk/led/lexp/1438170702712"" ";" ""http://data.open.ac.uk/led/performance/928f4684a22d40ba1de8b246b2eebbdf/1438170623538"" ";" ""performance of 'St Paul's Suite";" Op. 28 No. 2'"" ";" ""http://data.open.ac.uk/led/music/St+Paul's+Suite";"+Op.+28+No.+2/1438170623509"" ";;;;;;;
" ""http://data.open.ac.uk/led/lexp/1438164831897"" ";" ""http://data.open.ac.uk/led/performance/c993ddc0df0f18cbd0aa15d47c9d50fa/1438164797414"" ";" ""performance of 'Concerto in C'"" ";" ""http://data.open.ac.uk/led/music/Concerto+in+C/1438164797397"" ";;;;;;;;;
" ""http://data.open.ac.uk/led/lexp/1438267320754"" ";" ""http://data.open.ac.uk/led/performance/d367c3c83bf5068032caba4bc9b4733b/1438267238402"" ";" ""performance of 'M��l��e fantasque'"" ";" ""http://data.open.ac.uk/led/music/M%C3%A8l%C3%A9e+fantasque/1438267238394"" ";;;;;;;;;
" ""http://data.open.ac.uk/led/lexp/1438267320754"" ";" ""http://data.open.ac.uk/led/performance/f1580af8324172f853405b46f955bb13/1438267215317"" ";" ""performance of 'Suite from The Black Maskers'"" ";" ""http://data.open.ac.uk/led/music/Suite+from+The+Black+Maskers/1438267215297"" ";;;;;;;;;
" ""http://data.open.ac.uk/led/lexp/1438164230059"" ";" ""http://data.open.ac.uk/led/performance/f2df79f408f680f07d3f414e6cc28098/1438164127627"" ";" ""performance of 'Symphony No. 5 in C minor op.67'"" ";" ""http://data.open.ac.uk/led/music/Symphony+No.+5+in+C+minor+op.67/1419282377842"" ";;;;;;;;;
" ""http://data.open.ac.uk/led/lexp/1435097046515"" ";" ""http://data.open.ac.uk/led/performance/http://data.open.ac.uk/led/music/Le+Coq+D'Or+Suite/1435097003215/1435097003223"" ";" ""performance of 'Le Coq D'Or Suite'"" ";" ""http://data.open.ac.uk/led/music/The+Golden+Cockerel/1451772024927"" ";;;;;;;;;
" ""http://data.open.ac.uk/led/lexp/1435010352351"" ";" ""http://data.open.ac.uk/led/performance/http://data.open.ac.uk/led/music/Petrouchka/1434288971895/1435010302511"" ";" ""performance of 'Petrouchka'"" ";" ""http://data.open.ac.uk/led/music/Petrushka/1434573397617"" ";;;;;;;;;
" ""http://data.open.ac.uk/led/lexp/1434293854252"" ";" ""http://data.open.ac.uk/led/performance/http://data.open.ac.uk/led/music/Romeo+and+Juliet+Overture/1434293834305/1434293834316"" ";" ""performance of 'Romeo and Juliet Overture'"" ";" ""http://data.open.ac.uk/led/music/Romeo+and+Juliet+Overture/1434293834305"" ";;;;;;;;;
" ""http://data.open.ac.uk/led/lexp/1434901706632"" ";" ""http://data.open.ac.uk/led/performance/http://data.open.ac.uk/led/music/String+Quartet+No.+11+in+F+minor";"+Op.+95/1434901646933/1434901646939"" ";" ""performance of 'String Quartet No. 11 in F minor";" Op. 95'"" ";" ""http://data.open.ac.uk/led/music/String+Quartet+No.+11+in+F+minor";"+Op.+95/1434901646933"" ";;;;;;
" ""http://data.open.ac.uk/led/lexp/1434484687266"" ";" ""http://data.open.ac.uk/led/performance/http://data.open.ac.uk/led/music/String+Quartet+No.+13+in+A+minor";+'Rosamunde';"+D804/1434484684889/1434484684900"" ";" ""performance of 'String Quartet No. 13 in A minor"; 'Rosamunde';" D804'"" ";" ""http://data.open.ac.uk/led/music/String+Quartet+No.+13+in+A+minor";+'Rosamunde';"+D804/1434484684889"" ";;;
" ""http://data.open.ac.uk/led/lexp/1435097046515"" ";" ""http://data.open.ac.uk/led/performance/http://data.open.ac.uk/led/music/The+Walk+to+the+Paradise+Garden/1435096877459/1435096877475"" ";" ""performance of 'The Walk to the Paradise Garden'"" ";" ""http://data.open.ac.uk/led/music/The+Walk+to+the+Paradise+Garden/1435096877459"" ";;;;;;;;;
" ""http://data.open.ac.uk/led/lexp/1435325790866"" ";" ""http://data.open.ac.uk/led/performance/http://data.open.ac.uk/led/music/Viola+Concerto/1435325714802/1435325714814"" ";" ""performance of 'Viola Concerto'"" ";" ""http://data.open.ac.uk/led/music/Viola+Concerto/1435325714802"" ";;;;;;;;;
" ""http://data.open.ac.uk/led/lexp/1438171262039"" ";" ""http://data.open.ac.uk/led/performance/1e925785613cbd1f6a5b3df3d0b1e88c/1438171161295"" ";" ""performance of 'Till Eulenspiegels lustige Streiche";" Op. 28'"" ";" ""http://data.open.ac.uk/led/music/Till+Eulenspiegels+lustige+Streiche";"+Op.+28/1438171161286"" ";;;;;;;
" ""http://data.open.ac.uk/led/lexp/1438164230059"" ";" ""http://data.open.ac.uk/led/performance/67275cee4be468042f307e1c46bd4994/1438164181885"" ";" ""performance of 'Die Gesch��pfe des Prometheus";" Op.43'"" ";" ""http://data.open.ac.uk/led/music/Die+Gesch%C3%B6pfe+des+Prometheus";"+Op.43/1438164181879"" ";;;;;;;
" ""http://data.open.ac.uk/led/lexp/1438268018407"" ";" ""http://data.open.ac.uk/led/performance/9a812b6567e97e7848e27cfde3f01298/1438267923577"" ";" ""performance of 'Verkl��rte Nacht";" Op. 4'"" ";" ""http://data.open.ac.uk/led/music/Verkl%C3%A4rte+Nacht";"+Op.+4/1438267923565"" ";;;;;;;
" ""http://data.open.ac.uk/led/lexp/1438163755120"" ";" ""http://data.open.ac.uk/led/performance/ac949a063cf95c294cb217e2efae9651/1438163693534"" ";" ""performance of 'String Quartet No. 2";" Op. 10'"" ";" ""http://data.open.ac.uk/led/music/String+Quartet+No.+2";"+Op.+10/1438163693521"" ";;;;;;;
" ""http://data.open.ac.uk/led/lexp/1437901128354"" ";" ""http://data.open.ac.uk/led/performance/c215370c6777d9dca921049105ab8e8c/1437901092865"" ";" ""performance of 'Otello'"" ";" ""http://data.open.ac.uk/led/music/Otello/1430061598156"" ";;;;;;;;;
" ""http://data.open.ac.uk/led/lexp/1438164230059"" ";" ""http://data.open.ac.uk/led/performance/e89293ad0f4e7d068315ed42a161624b/1438164195269"" ";" ""performance of 'Symphony No 3 'Eroica''"" ";" ""http://data.open.ac.uk/led/music/Symphony+No+3+'Eroica'/1435270484539"" ";;;;;;;;;
" ""http://data.open.ac.uk/led/lexp/1435325790866"" ";" ""http://data.open.ac.uk/led/performance/http://data.open.ac.uk/led/music/Concert+Suite+No.+1/1435325739826/1435325739833"" ";" ""performance of 'Concert Suite No. 1'"" ";" ""http://data.open.ac.uk/led/music/Concert+Suite+No.+1/1435325739826"" ";;;;;;;;;
" ""http://data.open.ac.uk/led/lexp/1435097046515"" ";" ""http://data.open.ac.uk/led/performance/http://data.open.ac.uk/led/music/Hansel+und+Gretel+Overture/1435096968181/1435096968188"" ";" ""performance of 'Hansel und Gretel Overture'"" ";" ""http://data.open.ac.uk/led/music/H%C3%A4nsel+und+Gretel+Overture/1434293532644"" ";;;;;;;;;
" ""http://data.open.ac.uk/led/lexp/1435097046515"" ";" ""http://data.open.ac.uk/led/performance/http://data.open.ac.uk/led/music/Oberon+Overture/1434482194396/1435096829286"" ";" ""performance of 'Oberon Overture'"" ";" ""http://data.open.ac.uk/led/music/Overture+to+Oberon/1429540892567"" ";;;;;;;;;
" ""http://data.open.ac.uk/led/lexp/1434483934932"" ";" ""http://data.open.ac.uk/led/performance/http://data.open.ac.uk/led/music/Symphony+No.+9/1396015512813/1434483866693"" ";" ""performance of 'Symphony No. 9'"" ";" ""http://data.open.ac.uk/led/music/Symphony+No.+9/1396015512813"" ";;;;;;;;;
" ""http://data.open.ac.uk/led/lexp/1435097827990"" ";" ""http://data.open.ac.uk/led/performance/http://data.open.ac.uk/led/music/Yeoman+of+the+Guard/1399392756633/1435097799231"" ";" ""performance of 'Yeoman of the Guard'"" ";" ""http://data.open.ac.uk/led/music/Yeoman+of+the+Guard/1399392756633"" ";;;;;;;;;
" ""http://data.open.ac.uk/led/lexp/1437906806521"" ";" ""http://data.open.ac.uk/led/performance/223124ece8c6a5b3819a43057e9db878/1437906699326"" ";" ""performance of 'Symphony No. 101 in D Major 'The Clock''"" ";" ""http://data.open.ac.uk/led/music/Symphony+No.+101+in+D+Major+'The+Clock'/1435184847515"" ";;;;;;;;;
" ""http://data.open.ac.uk/led/lexp/1438029095523"" ";" ""http://data.open.ac.uk/led/performance/12d773be49f66329714db4050d990c48/1438029056666"" ";" ""performance of 'Les Noces'"" ";" ""http://data.open.ac.uk/led/music/Les+Noces/1438029056660"" ";;;;;;;;;
" ""http://data.open.ac.uk/led/lexp/1438266950654"" ";" ""http://data.open.ac.uk/led/performance/17b6ff01bea026b60f64bc6339117657/1438266794590"" ";" ""performance of ''Polovtsian Dances' from Prince Igor'"" ";" ""http://data.open.ac.uk/led/music/'Polovtsian+Dances'+from+Prince+Igor/1438266794577"" ";;;;;;;;;
" ""http://data.open.ac.uk/led/lexp/1438031113433"" ";" ""http://data.open.ac.uk/led/performance/2913525ac82f60372e3c5d6b44d4c23c/1438031054355"" ";" ""performance of 'Symphony No. 9";" D944'"" ";" ""http://data.open.ac.uk/led/music/Symphony+No.+9";"+D944/1438031054342"" ";;;;;;;
" ""http://data.open.ac.uk/led/lexp/1437902988152"" ";" ""http://data.open.ac.uk/led/performance/30057e7d642dec88da2c7841f8da3b37/1437902915787"" ";" ""performance of ''Barcarolle' from Les contes d'Hoffmann'"" ";" ""http://data.open.ac.uk/led/music/'Barcarolle'+from+Les+contes+d'Hoffmann/1437902915768"" ";;;;;;;;;
" ""http://data.open.ac.uk/led/lexp/1438030152483"" ";" ""http://data.open.ac.uk/led/performance/5f21a8007ff2ad800eb55a2bd31a8309/1438030118518"" ";" ""performance of 'Symphony No. 3'"" ";" ""http://data.open.ac.uk/led/music/Symphony+No.+3/1438030118499"" ";;;;;;;;;
" ""http://data.open.ac.uk/led/lexp/1438030152483"" ";" ""http://data.open.ac.uk/led/performance/7315bcf9302c752524e71fc13e8e5475/1438030105128"" ";" ""performance of 'Violin Concerto'"" ";" ""http://data.open.ac.uk/led/music/Violin+Concerto/1438030105122"" ";;;;;;;;;
" ""http://data.open.ac.uk/led/lexp/1437902988152"" ";" ""http://data.open.ac.uk/led/performance/85bb8481edbf944797db34c4658e9dc0/1437902962664"" ";" ""performance of 'Le P��re la Victoire'"" ";" ""http://data.open.ac.uk/led/music/Le+P%C3%A8re+la+Victoire/1437902962658"" ";;;;;;;;;
" ""http://data.open.ac.uk/led/lexp/1438028517707"" ";" ""http://data.open.ac.uk/led/performance/94221ccbe9f02ef3ab21cb40a5d6cc92/1438028362197"" ";" ""performance of 'La Patrie";" Op. 19'"" ";" ""http://data.open.ac.uk/led/music/La+Patrie";"+Op.+19/1438028362174"" ";;;;;;;
" ""http://data.open.ac.uk/led/lexp/1438271473363"" ";" ""http://data.open.ac.uk/led/performance/9fada10c21a96173afcd609d878e5014/1438271423158"" ";" ""performance of 'Symphony No. 4'"" ";" ""http://data.open.ac.uk/led/music/Symphony+No.+4/1386678991334"" ";;;;;;;;;
" ""http://data.open.ac.uk/led/lexp/1438252344491"" ";" ""http://data.open.ac.uk/led/performance/a0fe233af17d37962eb1e91b19b07603/1438252294175"" ";" ""performance of 'Missa Solemnis'"" ";" ""http://data.open.ac.uk/led/music/Missa+Solemnis/1401124201661"" ";;;;;;;;;
" ""http://data.open.ac.uk/led/lexp/1438269575133"" ";" ""http://data.open.ac.uk/led/performance/b52a0614debfa3704df36e41ba1d494b/1438269542316"" ";" ""performance of 'Symphony No. 4'"" ";" ""http://data.open.ac.uk/led/music/Symphony+No.+4/1438269542309"" ";;;;;;;;;
" ""http://data.open.ac.uk/led/lexp/1438266950654"" ";" ""http://data.open.ac.uk/led/performance/ce538f45897812b4475210db99f58527/1438266900089"" ";" ""performance of 'unspecified orchestral music'"" ";" ""http://data.open.ac.uk/led/music/unspecified+orchestral+music/1419183399089"" ";;;;;;;;;
" ""http://data.open.ac.uk/led/lexp/1435010672130"" ";" ""http://data.open.ac.uk/led/performance/http://data.open.ac.uk/led/music/Haydn+Symphony+No.+104+in+D";+'London';"+Hob:I/i04/1397125662367/1435010636963"" ";" ""performance of 'Haydn Symphony No. 104 in D"; 'London';" Hob:I/i04'"" ";" ""http://data.open.ac.uk/led/music/Haydn+Symphony+No.+104+in+D";+'London';"+Hob:I/i04/1397125662367"" ";;;
" ""http://data.open.ac.uk/led/lexp/1434898938122"" ";" ""http://data.open.ac.uk/led/performance/http://data.open.ac.uk/led/music/Largo+al+factotum/1434898909920/1434898909933"" ";" ""performance of 'Largo al factotum'"" ";" ""http://data.open.ac.uk/led/music/Largo+al+factotum/1434898909920"" ";;;;;;;;;
" ""http://data.open.ac.uk/led/lexp/1435097453678"" ";" ""http://data.open.ac.uk/led/performance/http://data.open.ac.uk/led/music/Piano+Concerto+No.+1+in+D+flat";"+Op.+10/1435097408599/1435097408604"" ";" ""performance of 'Piano Concerto No. 1 in D flat";" Op. 10'"" ";" ""http://data.open.ac.uk/led/music/Piano+Concerto+No.+1+in+D+flat";"+Op.+10/1435097408599"" ";;;;;;
" ""http://data.open.ac.uk/led/lexp/1434290889629"" ";" ""http://data.open.ac.uk/led/performance/http://data.open.ac.uk/led/music/Symphony+No.+1/1434290820913/1434290820925"" ";" ""performance of 'Symphony No. 1'"" ";" ""http://data.open.ac.uk/led/music/Symphony+No.+1/1434290820913"" ";;;;;;;;;
" ""http://data.open.ac.uk/led/lexp/1435519794770"" ";" ""http://data.open.ac.uk/led/performance/http://data.open.ac.uk/led/music/Symphony+No.+3/1435519643759/1435519643764"" ";" ""performance of 'Symphony No. 3'"" ";" ""http://data.open.ac.uk/led/music/Symphony+No.+3/1435519643759"" ";;;;;;;;;
" ""http://data.open.ac.uk/led/lexp/1435522756691"" ";" ""http://data.open.ac.uk/led/performance/http://data.open.ac.uk/led/music/Symphony+No.+4/1386678991334/1435522724073"" ";" ""performance of 'Symphony No. 4'"" ";" ""http://data.open.ac.uk/led/music/Symphony+No.+4/1386678991334"" ";;;;;;;;;
" ""http://data.open.ac.uk/led/lexp/1414586405220"" ";" ""http://data.open.ac.uk/led/performance/http://data.open.ac.uk/led/music/Two+Psalms/1414586272925/1414586272943"" ";" ""performance of 'Two Psalms'"" ";" ""http://data.open.ac.uk/led/music/Two+Psalms/1414586272925"" ";;;;;;;;;
" ""http://data.open.ac.uk/led/lexp/1437906806521"" ";" ""http://data.open.ac.uk/led/performance/07f11fc11c4ace003059dbd2877244de/1437906759156"" ";" ""performance of 'Capriccio Espagnol";" Op. 34'"" ";" ""http://data.open.ac.uk/led/music/Rimsky-Korsakov+Capriccio+Espagnol";"+Op.+34/1397125921630"" ";;;;;;;
" ""http://data.open.ac.uk/led/lexp/1438269575133"" ";" ""http://data.open.ac.uk/led/performance/0b19c3b69ec2475571a05e04d15df55c/1438269520159"" ";" ""performance of 'Italian Symphony'"" ";" ""http://data.open.ac.uk/led/music/Italian+Symphony/1438269520148"" ";;;;;;;;;
" ""http://data.open.ac.uk/led/lexp/1437902988152"" ";" ""http://data.open.ac.uk/led/performance/211039719463569d81e6eaed73e98237/1437902892906"" ";" ""performance of 'Funeral March of a Marionette'"" ";" ""http://data.open.ac.uk/led/music/Funeral+March+of+a+Marionette/1437902892899"" ";;;;;;;;;
" ""http://data.open.ac.uk/led/lexp/1438266950654"" ";" ""http://data.open.ac.uk/led/performance/42e5e9f68daf0051b05c3045a0d1534c/1438266840353"" ";" ""performance of ''Scherzo' from the incidental music to Shakespeare's A Midsummer Night's Dream";" Op. 61'"" ";" ""http://data.open.ac.uk/led/music/'Scherzo'+from+the+incidental+music+to+Shakespeare's+A+Midsummer+Night's+Dream";"+Op.+61/1438266840338"" ";;;;;;;
" ""http://data.open.ac.uk/led/lexp/1438031113433"" ";" ""http://data.open.ac.uk/led/performance/54934a352b3a888c30cbb7f23bf59632/1438031082198"" ";" ""performance of 'Don Quixote'"" ";" ""http://data.open.ac.uk/led/music/Don+Quixote";"+Op.+35/1438175383482"" ";;;;;;;;
" ""http://data.open.ac.uk/led/lexp/1437906806521"" ";" ""http://data.open.ac.uk/led/performance/7de2d3d554a1981c6dd96e770a2cf82f/1437906723129"" ";" ""performance of 'Phantasm for piano and orchestra'"" ";" ""http://data.open.ac.uk/led/music/Phantasm+for+piano+and+orchestra/1437901371859"" ";;;;;;;;;
" ""http://data.open.ac.uk/led/lexp/1438266950654"" ";" ""http://data.open.ac.uk/led/performance/7f0fad609e2acf70be7aa0b3d6b5215a/1438266819609"" ";" ""performance of 'Overture from The Abduction from the Seraglio";" K384'"" ";" ""http://data.open.ac.uk/led/music/Overture+from+The+Abduction+from+the+Seraglio";"+K384/1438266819603"" ";;;;;;;
" ""http://data.open.ac.uk/led/lexp/1438028517707"" ";" ""http://data.open.ac.uk/led/performance/80f76d67ab3bd65ffdb4796cf28c7359/1438028388542"" ";" ""performance of 'Peer Gynt"; Suite No. 1;" Op. 46'"" ";" ""http://data.open.ac.uk/led/music/Peer+Gynt";#NOME?;"+Op.+46/1438028388527"" ";;;;;
" ""http://data.open.ac.uk/led/lexp/1438271473363"" ";" ""http://data.open.ac.uk/led/performance/a1061bd1806d18fc87f7707d9ef5e8ec/1438271433479"" ";" ""performance of 'Trio'"" ";" ""http://data.open.ac.uk/led/music/Trio/1438271433471"" ";;;;;;;;;
" ""http://data.open.ac.uk/led/lexp/1438266950654"" ";" ""http://data.open.ac.uk/led/performance/a78d238c40506bfec1f662c724545912/1438266777322"" ";" ""performance of 'Jeux d'enfants";" Op. 22'"" ";" ""http://data.open.ac.uk/led/music/Jeux+d'enfants";"+Op.+22/1438266777316"" ";;;;;;;
" ""http://data.open.ac.uk/led/lexp/1438268387605"" ";" ""http://data.open.ac.uk/led/performance/e22b51e00ff87843df650ce1c9a069f7/1438268320337"" ";" ""performance of 'Symphony in C minor";" Op. 11'"" ";" ""http://data.open.ac.uk/led/music/Symphony+in+C+minor";"+Op.+11/1438268320297"" ";;;;;;;
" ""http://data.open.ac.uk/led/lexp/1438268739615"" ";" ""http://data.open.ac.uk/led/performance/e5a8e079d920065a475e7ccd9204ef04/1438268662540"" ";" ""performance of 'Symphony No. 9'"" ";" ""http://data.open.ac.uk/led/music/Symphony+no.+9/1454505600433"" ";;;;;;;;;
" ""http://data.open.ac.uk/led/lexp/1434290889629"" ";" ""http://data.open.ac.uk/led/performance/http://data.open.ac.uk/led/music/Egmont+Overture/1434290712885/1434290712913"" ";" ""performance of 'Egmont Overture'"" ";" ""http://data.open.ac.uk/led/music/Egmont+Overture/1434290712885"" ";;;;;;;;;
" ""http://data.open.ac.uk/led/lexp/1435273007100"" ";" ""http://data.open.ac.uk/led/performance/http://data.open.ac.uk/led/music/Symphonie+Fantastique/1431102862933/1435272981909"" ";" ""performance of 'Symphonie Fantastique'"" ";" ""http://dbpedia.org/resource/Symphonie_fantastique"" ";;;;;;;;;
" ""http://data.open.ac.uk/led/lexp/1434484188171"" ";" ""http://data.open.ac.uk/led/performance/http://data.open.ac.uk/led/music/Symphony+No.+9+in+E+minor";"+'From+The+New+World'.+Op.+95/1434484185563/1434484185575"" ";" ""performance of 'Symphony No. 9 in E minor";" 'From The New World'. Op. 95'"" ";" ""http://data.open.ac.uk/led/music/Symphony+No.+9+in+E+minor";+'From+the+New+World';"+Op.+95/1438271231660"" ";;;;;
" ""http://data.open.ac.uk/led/lexp/1437902988152"" ";" ""http://data.open.ac.uk/led/performance/1a922a2b6006704aefc902f0fe6f33db/1437902945340"" ";" ""performance of 'Marche Lorraine'"" ";" ""http://data.open.ac.uk/led/music/Marche+Lorraine/1437902945293"" ";;;;;;;;;
" ""http://data.open.ac.uk/led/lexp/1438029955408"" ";" ""http://data.open.ac.uk/led/performance/346f79cbccaeab79bee77302a083bc4b/1438029884446"" ";" ""performance of 'Die Walk��re'"" ";" ""http://data.open.ac.uk/led/music/Die+Walk%C3%BCre/1397749419878"" ";;;;;;;;;
" ""http://data.open.ac.uk/led/lexp/1437906806521"" ";" ""http://data.open.ac.uk/led/performance/410a2ce3652659ef39aa31da481df573/1437906684718"" ";" ""performance of 'Brandenburg Concerto no 3'"" ";" ""http://data.open.ac.uk/led/music/Brandenburg+Concerto+no+3/1423681039894"" ";;;;;;;;;
" ""http://data.open.ac.uk/led/lexp/1438029652850"" ";" ""http://data.open.ac.uk/led/performance/628ae233aa86f93a812fe98f80c741c0/1438029649048"" ";" ""performance of 'Fidelio'"" ";" ""http://data.open.ac.uk/led/music/Fidelio/1435440910037"" ";;;;;;;;;
" ""http://data.open.ac.uk/led/lexp/1437902988152"" ";" ""http://data.open.ac.uk/led/performance/8274a54c028c13f8e719d106e1d214c8/1437902866208"" ";" ""performance of 'Chant sans paroles";" Op. 40 No. 6'"" ";" ""http://data.open.ac.uk/led/music/Chant+sans+paroles";"+Op.+40+No.+6/1437902866170"" ";;;;;;;
" ""http://data.open.ac.uk/led/lexp/1437902988152"" ";" ""http://data.open.ac.uk/led/performance/af78798c8701a408f56417df7aab54f8/1437902826234"" ";" ""performance of 'William Tell Overture'"" ";" ""http://data.open.ac.uk/led/music/Overture+to+'William+Tell'/1400256519408"" ";;;;;;;;;
" ""http://data.open.ac.uk/led/lexp/1437906574143"" ";" ""http://data.open.ac.uk/led/performance/c63c0fa3c2843d6b4aafb12af8d28a53/1437906531605"" ";" ""performance of 'Three Idylls'"" ";" ""http://data.open.ac.uk/led/music/Three+Idylls/1437906531587"" ";;;;;;;;;
" ""http://data.open.ac.uk/led/lexp/1438029095523"" ";" ""http://data.open.ac.uk/led/performance/ee876fc78242c356a978bee1a06f36c2/1438029040731"" ";" ""performance of 'Mavra'"" ";" ""http://data.open.ac.uk/led/music/Mavra/1438029040724"" ";;;;;;;;;
" ""http://data.open.ac.uk/led/lexp/1434484188171"" ";" ""http://data.open.ac.uk/led/performance/http://data.open.ac.uk/led/music/Basson+Concerto+in+D/1434484141942/1434484141957"" ";" ""performance of 'Basson Concerto in D'"" ";" ""http://data.open.ac.uk/led/music/Basson+Concerto+in+D/1434484141942"" ";;;;;;;;;
" ""http://data.open.ac.uk/led/lexp/1434665328456"" ";" ""http://data.open.ac.uk/led/performance/http://data.open.ac.uk/led/music/Blow+Out+You+Bugles/1434665273378/1434665273393"" ";" ""performance of 'Blow Out You Bugles'"" ";" ""http://data.open.ac.uk/led/music/Blow+Out+You+Bugles/1434665273378"" ";;;;;;;;;
" ""http://data.open.ac.uk/led/lexp/1434898938122"" ";" ""http://data.open.ac.uk/led/performance/http://data.open.ac.uk/led/music/Bolero/1396004446294/1434898918653"" ";" ""performance of 'Bolero'"" ";" ""http://data.open.ac.uk/led/music/Bolero/1396004446294"" ";;;;;;;;;
" ""http://data.open.ac.uk/led/lexp/1434290889629"" ";" ""http://data.open.ac.uk/led/performance/http://data.open.ac.uk/led/music/Brandenburg+Concerto+no+2/1434290772683/1434290772696"" ";" ""performance of 'Brandenburg Concerto no 2'"" ";" ""http://data.open.ac.uk/led/music/Brandenburg+Concerto+no+2/1434290772683"" ";;;;;;;;;
" ""http://data.open.ac.uk/led/lexp/1435010672130"" ";" ""http://data.open.ac.uk/led/performance/http://data.open.ac.uk/led/music/Brandenburg+Concerto+no+3/1423681039894/1435010624488"" ";" ""performance of 'Brandenburg Concerto no 3'"" ";" ""http://data.open.ac.uk/led/music/Brandenburg+Concerto+no+3/1423681039894"" ";;;;;;;;;
" ""http://data.open.ac.uk/led/lexp/1414586405220"" ";" ""http://data.open.ac.uk/led/performance/http://data.open.ac.uk/led/music/Five+Mystical+Songs/1414586326508/1414586326521"" ";" ""performance of 'Five Mystical Songs'"" ";" ""http://data.open.ac.uk/led/music/Five+Mystical+Songs/1414586326508"" ";;;;;;;;;
" ""http://data.open.ac.uk/led/lexp/1435519374140"" ";" ""http://data.open.ac.uk/led/performance/http://data.open.ac.uk/led/music/St.+Matthew+Passion/1401959273477/1435519342100"" ";" ""performance of 'St. Matthew Passion'"" ";" ""http://data.open.ac.uk/led/music/St.+Matthew+Passion/1401959273477"" ";;;;;;;;;
" ""http://data.open.ac.uk/led/lexp/1414586405220"" ";" ""http://data.open.ac.uk/led/performance/http://data.open.ac.uk/led/music/Suite+for+Chamber+Orchestra/1414586100698/1414586100712"" ";" ""performance of 'Suite for Chamber Orchestra'"" ";" ""http://data.open.ac.uk/led/music/Suite+for+Chamber+Orchestra/1414586100698"" ";;;;;;;;;
" ""http://data.open.ac.uk/led/lexp/1435521723388"" ";" ""http://data.open.ac.uk/led/performance/http://data.open.ac.uk/led/music/Symphony+No.+3+'Eroica'/1434292971651/1435521648931"" ";" ""performance of 'Symphony No. 3 'Eroica''"" ";" ""http://data.open.ac.uk/led/music/Symphony+No.+3+'Eroica'/1434292971651"" ";;;;;;;;;
" ""http://data.open.ac.uk/led/lexp/1435519794770"" ";" ""http://data.open.ac.uk/led/performance/http://data.open.ac.uk/led/music/Till+Eulenspiegel/1435519682337/1435519682342"" ";" ""performance of 'Till Eulenspiegel'"" ";" ""http://data.open.ac.uk/led/music/Till+Eulenspiegel/1435519682337"" ";;;;;;;;;
" ""http://data.open.ac.uk/led/lexp/1434916065615"" ";" ""http://data.open.ac.uk/led/performance/http://data.open.ac.uk/led/music/Tristan+und+Isolde/1387051778281/1434916018070"" ";" ""performance of 'Tristan und Isolde'"" ";" ""http://data.open.ac.uk/led/music/Tristan+und+Isolde/1387051778281"" ";;;;;;;;;
" ""http://data.open.ac.uk/led/lexp/1435183119012"" ";" ""http://data.open.ac.uk/led/performance/http://data.open.ac.uk/led/music/unspecified+Wagner/1435183071947/1435183071958"" ";" ""performance of 'unspecified Wagner'"" ";" ""http://data.open.ac.uk/led/music/unspecified+Wagner/1435183071947"" ";;;;;;;;;
" ""http://data.open.ac.uk/led/lexp/1435323005937"" ";" ""http://data.open.ac.uk/led/performance/http://data.open.ac.uk/led/music/Violin+Concerto/1435322915439/1435322915449"" ";" ""performance of 'Violin Concerto'"" ";" ""http://data.open.ac.uk/led/music/Violin+Concerto/1435322915439"" ";;;;;;;;;
" ""http://data.open.ac.uk/led/lexp/1437496814956"" ";" ""http://data.open.ac.uk/led/performance/423d20e745bd329c51bad28177dd2d59/1437496756858"" ";" ""performance of 'Piano Concerto No. 2 in B flat";" Op. 19'"" ";" ""http://data.open.ac.uk/led/music/Piano+Concerto+No.+2+in+B+flat";"+Op.+19/1437496756844"" ";;;;;;;
" ""http://data.open.ac.uk/led/lexp/1438029296764"" ";" ""http://data.open.ac.uk/led/performance/480fbc291a8fc4220e929c0a4ab50f6e/1438029249100"" ";" ""performance of 'unspecified waltzes'"" ";" ""http://data.open.ac.uk/led/music/unspecified+waltzes/1438029249079"" ";;;;;;;;;
" ""http://data.open.ac.uk/led/lexp/1438028821851"" ";" ""http://data.open.ac.uk/led/performance/4a2d19c3e077e9d021e5b39d9c801a81/1438028762552"" ";" ""performance of 'Legend for piano and orchestra'"" ";" ""http://data.open.ac.uk/led/music/Legend+for+piano+and+orchestra/1437902401457"" ";;;;;;;;;
" ""http://data.open.ac.uk/led/lexp/1438184708171"" ";" ""http://data.open.ac.uk/led/performance/93bf3b23f8634711afaab3dc8457a163/1438184647515"" ";" ""performance of 'Symphony No. 40 in G minor";" K550'"" ";" ""http://data.open.ac.uk/led/music/Symphony+No.+40+in+G+minor";"+K550/1434919950526"" ";;;;;;;
" ""http://data.open.ac.uk/led/lexp/1434484998780"" ";" ""http://data.open.ac.uk/led/performance/http://data.open.ac.uk/led/music/Die+Meistersinger/1431120571182/1434484993402"" ";" ""performance of 'Die Meistersinger'"" ";" ""http://data.open.ac.uk/led/music/Die+Meistersinger/1431120571182"" ";;;;;;;;;
" ""http://data.open.ac.uk/led/lexp/1413302321928"" ";" ""http://data.open.ac.uk/led/performance/http://data.open.ac.uk/led/music/Falstaff/1413302291109/1413302291122"" ";" ""performance of 'Falstaff'"" ";" ""http://data.open.ac.uk/led/music/'Falstaff'+-+symphonic+study+in+C+minor+op.+68/1419693768238"" ";;;;;;;;;
" ""http://data.open.ac.uk/led/lexp/1434402559134"" ";" ""http://data.open.ac.uk/led/performance/http://data.open.ac.uk/led/music/L'oiseau+de+Feu/1434402506725/1434402506731"" ";" ""performance of 'L'oiseau de Feu'"" ";" ""http://data.open.ac.uk/led/music/L'oiseau+de+Feu/1434402506725"" ";;;;;;;;;
" ""http://data.open.ac.uk/led/lexp/1434402559134"" ";" ""http://data.open.ac.uk/led/performance/http://data.open.ac.uk/led/music/Piano+Concerto+No.+2/1434402484561/1434402484573"" ";" ""performance of 'Piano Concerto No. 2'"" ";" ""http://data.open.ac.uk/led/music/Piano+Concerto+No.+2/1434402484561"" ";;;;;;;;;
" ""http://data.open.ac.uk/led/lexp/1435696149021"" ";" ""http://data.open.ac.uk/led/performance/http://data.open.ac.uk/led/music/Piano+Concerto+No.+2+in+B+flat";"+Op.+83/1435696105579/1435696105591"" ";" ""performance of 'Piano Concerto No. 2 in B flat";" Op. 83'"" ";" ""http://data.open.ac.uk/led/music/Piano+Concerto+No.+2+in+B+flat";"+Op.+83/1435696105579"" ";;;;;;
" ""http://data.open.ac.uk/led/lexp/1435272578726"" ";" ""http://data.open.ac.uk/led/performance/http://data.open.ac.uk/led/music/String+Quartet+No.+3:+Cantari+alla+madrigalesca/1435097984272/1435272486333"" ";" ""performance of 'String Quartet No. 3: Cantari alla madrigalesca'"" ";" ""http://data.open.ac.uk/led/music/String+Quartet+No.+3:+Cantari+alla+madrigalesca/1435097984272"" ";;;;;;;;;
" ""http://data.open.ac.uk/led/lexp/1434486250183"" ";" ""http://data.open.ac.uk/led/performance/http://data.open.ac.uk/led/music/String+Quartet+No.+59+in+G+minor";+'The+Riddler';"+Op.+74+No.+3+(Hob.III:74)/1434486176990/1434486177081"" ";" ""performance of 'String Quartet No. 59 in G minor"; 'The Riddler';" Op. 74 No. 3 (Hob.III:74)'"" ";" ""http://data.open.ac.uk/led/music/String+Quartet+No.+59+in+G+minor";+'The+Riddler';"+Op.+74+No.+3+(Hob.III:74)/1434486176990"" ";;;
" ""http://data.open.ac.uk/led/lexp/1435097307079"" ";" ""http://data.open.ac.uk/led/performance/http://data.open.ac.uk/led/music/Violin+Concerto+in+D";"+Op.+35/1434918774893/1435097249298"" ";" ""performance of 'Violin Concerto in D";" Op. 35'"" ";" ""http://data.open.ac.uk/led/music/Violin+Concerto+in+D";"+Op.+35/1434918774893"" ";;;;;;
" ""http://data.open.ac.uk/led/lexp/1438164953076"" ";" ""http://data.open.ac.uk/led/performance/0073f4151aec16eb0c536a6dacf1b82c/1438164927309"" ";" ""performance of 'Tristan und Isolde'"" ";" ""http://data.open.ac.uk/led/music/Tristan+und+Isolde/1387051778281"" ";;;;;;;;;
" ""http://data.open.ac.uk/led/lexp/1438175463400"" ";" ""http://data.open.ac.uk/led/performance/2cecbffe63b0b6f99e108a3014577ef0/1438175417211"" ";" ""performance of ''Dance of the Seven Veils' from Salome'"" ";" ""http://data.open.ac.uk/led/music/'Dance+of+the+Seven+Veils'+from+Salome/1438175417194"" ";;;;;;;;;
" ""http://data.open.ac.uk/led/lexp/1437902536646"" ";" ""http://data.open.ac.uk/led/performance/4a2d19c3e077e9d021e5b39d9c801a81/1437902401472"" ";" ""performance of 'Legend for piano and orchestra'"" ";" ""http://data.open.ac.uk/led/music/Legend+for+piano+and+orchestra/1437902401457"" ";;;;;;;;;
" ""http://data.open.ac.uk/led/lexp/1438162960179"" ";" ""http://data.open.ac.uk/led/performance/4a998fda4cfa5108d02b1adca64ff701/1438162790312"" ";" ""performance of 'Lament'"" ";" ""http://data.open.ac.uk/led/music/Lament/1437937738033"" ";;;;;;;;;
" ""http://data.open.ac.uk/led/lexp/1438184249414"" ";" ""http://data.open.ac.uk/led/performance/5bc0d1da135603cf63604311eece433b/1438184190212"" ";" ""performance of 'unspecified song arrangements'"" ";" ""http://data.open.ac.uk/led/music/unspecified+song+arrangements/1438184190194"" ";;;;;;;;;
" ""http://data.open.ac.uk/led/lexp/1437497195428"" ";" ""http://data.open.ac.uk/led/performance/6062e48c1cb09410d2bbd6cfc712118b/1437497108672"" ";" ""performance of 'Choral Fantasia'"" ";" ""http://data.open.ac.uk/led/music/Choral+Fantasia/1437497108653"" ";;;;;;;;;
" ""http://data.open.ac.uk/led/lexp/1438030552902"" ";" ""http://data.open.ac.uk/led/performance/628ae233aa86f93a812fe98f80c741c0/1438030493543"" ";" ""performance of 'Fidelio'"" ";" ""http://data.open.ac.uk/led/music/Fidelio/1435440910037"" ";;;;;;;;;
" ""http://data.open.ac.uk/led/lexp/1438028821851"" ";" ""http://data.open.ac.uk/led/performance/6bce450c8ef81ed2e1c868bafafb9e99/1438028781990"" ";" ""performance of 'Jeux'"" ";" ""http://data.open.ac.uk/led/music/Jeux/1438028781973"" ";;;;;;;;;
" ""http://data.open.ac.uk/led/lexp/1437660437634"" ";" ""http://data.open.ac.uk/led/performance/6c7e45ff6b82d65b23b96161d1b8e905/1437660401938"" ";" ""performance of 'Sonata for violin and piano'"" ";" ""http://data.open.ac.uk/led/music/Sonata+for+violin+and+piano/1437660401920"" ";;;;;;;;;
" ""http://data.open.ac.uk/led/lexp/1438162960179"" ";" ""http://data.open.ac.uk/led/performance/7845f85b2173a6c1d74b0a54ce612368/1438162809167"" ";" ""performance of 'Rapsodie espagnole'"" ";" ""http://data.open.ac.uk/led/music/Rapsodie+espagnole/1438162809161"" ";;;;;;;;;
" ""http://data.open.ac.uk/led/lexp/1438183903487"" ";" ""http://data.open.ac.uk/led/performance/8937edc9deb73c0b972a61f85db4defa/1438183876538"" ";" ""performance of 'unspecified'"" ";" ""http://data.open.ac.uk/led/music/unspecified/1438183876529"" ";;;;;;;;;
" ""http://data.open.ac.uk/led/lexp/1438108286124"" ";" ""http://data.open.ac.uk/led/performance/a656f5a683c54b24cda149d3d343ed9a/1438108246533"" ";" ""performance of 'Violin Sonata in E minor'"" ";" ""http://data.open.ac.uk/led/music/Violin+Sonata+in+E+minor/1438108246517"" ";;;;;;;;;
" ""http://data.open.ac.uk/led/lexp/1437497195428"" ";" ""http://data.open.ac.uk/led/performance/afe359729d6a673db2b7950b8191a970/1437497135933"" ";" ""performance of 'Symphony No. 9'"" ";" ""http://data.open.ac.uk/led/music/Symphony+No.+9/1396015512813"" ";;;;;;;;;
" ""http://data.open.ac.uk/led/lexp/1438162960179"" ";" ""http://data.open.ac.uk/led/performance/bdf832c0821fdc640067d4c9bf031d01/1438162835854"" ";" ""performance of 'Prelude to Act III of Tristan und Isolde'"" ";" ""http://data.open.ac.uk/led/music/Prelude+to+Act+III+of+Tristan+und+Isolde/1438162835828"" ";;;;;;;;;
" ""http://data.open.ac.uk/led/lexp/1438162960179"" ";" ""http://data.open.ac.uk/led/performance/c5fac6163b2f3ecbb643615657727c29/1438162858328"" ";" ""performance of 'Symphony No. 8 in G";" Op. 88'"" ";" ""http://data.open.ac.uk/led/music/Symphony+No.+8+in+G";"+Op.+88/1438162858285"" ";;;;;;;
" ""http://data.open.ac.uk/led/lexp/1438184708171"" ";" ""http://data.open.ac.uk/led/performance/fea9e827fd2c371d312e19abeeb7c0b5/1438184668018"" ";" ""performance of 'Symphony No. 5'"" ";" ""http://data.open.ac.uk/led/music/Symphony+No.+5/1438184668011"" ";;;;;;;;;
" ""http://data.open.ac.uk/led/lexp/1434402189550"" ";" ""http://data.open.ac.uk/led/performance/http://data.open.ac.uk/led/music/Concerto+in+B+flat+minor/1434402175782/1434402175794"" ";" ""performance of 'Concerto in B flat minor'"" ";" ""http://data.open.ac.uk/led/music/Concerto+in+B+flat+minor/1434402175782"" ";;;;;;;;;
" ""http://data.open.ac.uk/led/lexp/1434897862737"" ";" ""http://data.open.ac.uk/led/performance/http://data.open.ac.uk/led/music/Egmont";"+Op.+84/1434897828145/1434897828154"" ";" ""performance of 'Egmont";" Op. 84'"" ";" ""http://data.open.ac.uk/led/music/Egmont";"+Op.+84/1434897828145"" ";;;;;;
" ""http://data.open.ac.uk/led/lexp/1434898770657"" ";" ""http://data.open.ac.uk/led/performance/http://data.open.ac.uk/led/music/Leonora+Overture+No.+3/1434898684124/1434898684133"" ";" ""performance of 'Leonora Overture No. 3'"" ";" ""http://data.open.ac.uk/led/music/Leonora+Overture+No.+3/1434898684124"" ";;;;;;;;;
" ""http://data.open.ac.uk/led/lexp/1435519040474"" ";" ""http://data.open.ac.uk/led/performance/http://data.open.ac.uk/led/music/Petrouchka/1434288971895/1435518945492"" ";" ""performance of 'Petrouchka'"" ";" ""http://data.open.ac.uk/led/music/Petrushka/1434573397617"" ";;;;;;;;;
" ""http://data.open.ac.uk/led/lexp/1434897862737"" ";" ""http://data.open.ac.uk/led/performance/http://data.open.ac.uk/led/music/Piano+Concerto+No.+4/1434897846505/1434897846519"" ";" ""performance of 'Piano Concerto No. 4'"" ";" ""http://data.open.ac.uk/led/music/Piano+Concerto+No.+4/1434897846505"" ";;;;;;;;;
" ""http://data.open.ac.uk/led/lexp/1434402559134"" ";" ""http://data.open.ac.uk/led/performance/http://data.open.ac.uk/led/music/Prelude+a+l'apres-midi+d'un+faune/1434402452751/1434402452785"" ";" ""performance of 'Prelude a l'apres-midi d'un faune'"" ";" ""http://data.open.ac.uk/led/music/Prelude+a+l'apres-midi+d'un+faune/1434402452751"" ";;;;;;;;;
" ""http://data.open.ac.uk/led/lexp/1434486250183"" ";" ""http://data.open.ac.uk/led/performance/http://data.open.ac.uk/led/music/String+Quartet+No.+2+in+A+minor";"+Op.+51+No.+2/1434486205943/1434486205950"" ";" ""performance of 'String Quartet No. 2 in A minor";" Op. 51 No. 2'"" ";" ""http://data.open.ac.uk/led/music/String+Quartet+No.+2+in+A+minor";"+Op.+51+No.+2/1434486205943"" ";;;;;;
" ""http://data.open.ac.uk/led/lexp/1435098027747"" ";" ""http://data.open.ac.uk/led/performance/http://data.open.ac.uk/led/music/String+Quartet+No.+3:+Cantari+alla+madrigalesca/1435097984272/1435097984287"" ";" ""performance of 'String Quartet No. 3: Cantari alla madrigalesca'"" ";" ""http://data.open.ac.uk/led/music/String+Quartet+No.+3:+Cantari+alla+madrigalesca/1435097984272"" ";;;;;;;;;
" ""http://data.open.ac.uk/led/lexp/1435272578726"" ";" ""http://data.open.ac.uk/led/performance/http://data.open.ac.uk/led/music/String+Quartet+No.+7+in+F";+'Razumovsky';#NOME?;"+No.+1/1435272452779/1435272452790"" ";" ""performance of 'String Quartet No. 7 in F"; 'Razumovsky'; Op. 59;" No. 1'"" ";" ""http://data.open.ac.uk/led/music/String+Quartet+No.+7+in+F";+'Razumovsky';#NOME?;"+No.+1/1435272452779"" "
" ""http://data.open.ac.uk/led/lexp/1434898770657"" ";" ""http://data.open.ac.uk/led/performance/http://data.open.ac.uk/led/music/Symphony+No.+9/1396015512813/1434898706841"" ";" ""performance of 'Symphony No. 9'"" ";" ""http://data.open.ac.uk/led/music/Symphony+No.+9/1396015512813"" ";;;;;;;;;
" ""http://data.open.ac.uk/led/lexp/1434402559134"" ";" ""http://data.open.ac.uk/led/performance/http://data.open.ac.uk/led/music/Three-Cornered+Hat/1434402399826/1434402399839"" ";" ""performance of 'Three-Cornered Hat'"" ";" ""http://data.open.ac.uk/led/music/Three-Cornered+Hat/1434402399826"" ";;;;;;;;;
" ""http://data.open.ac.uk/led/lexp/1434898770657"" ";" ""http://data.open.ac.uk/led/performance/http://data.open.ac.uk/led/music/Tremate";#NOME?;#NOME?;"+Op.+116/1434898653244/1434898653256"" ";" ""performance of 'Tremate"; empi; tremati;" Op. 116'"" ";" ""http://data.open.ac.uk/led/music/Tremate";#NOME?;#NOME?;"+Op.+116/1434898653244"" "
" ""http://data.open.ac.uk/led/lexp/1434486250183"" ";" ""http://data.open.ac.uk/led/performance/http://data.open.ac.uk/led/music/unspecified+vocal+music/1434486242822/1434486242839"" ";" ""performance of 'unspecified vocal music'"" ";" ""http://data.open.ac.uk/led/music/unspecified+vocal+music/1434486242822"" ";;;;;;;;;
" ""http://data.open.ac.uk/led/lexp/1435273252307"" ";" ""http://data.open.ac.uk/led/performance/http://data.open.ac.uk/led/music/Violin+Sonata/1435273223936/1435273223943"" ";" ""performance of 'Violin Sonata'"" ";" ""http://data.open.ac.uk/led/music/Violin+Sonata/1435273223936"" ";;;;;;;;;
